"고유번호","환승시작역","환승시작 코드","환승시작 호선","하차 열차 방면","하차위치(호차)","하차위치(문)","환승종료역","환승 열차 방면","환승 승차위치(호차)","환승 승차위치(문)","소요시간"
1,서울역,"0150","1",시청 방면,"10","4","0427",숙대입구 방면,"1","1","03:34"
2,서울역,"0150","1",남영 방면,"1","2","0425",회현 방면,"10","4","03:40"
3,서울역,"0150","1",남영 방면,"1","2","0427",숙대입구 방면,"1","1","03:34"
4,서울역,"0150","1",시청 방면,"10","4","0425",회현 방면,"10","4","03:40"
5,서울역,"0150","1",남영 방면,"1","2","4202",공덕 방면,"2","4","15:56"
6,서울역,"0150","1",시청 방면,"10","4","4202",공덕 방면,"2","4","15:56"
7,시청,"0151","1",서울역 방면,"1","1","0243",충정로 방면,"1","1","04:00"
8,시청,"0151","1",서울역 방면,"1","1","0202",을지로입구 방면,"10","4","04:00"
9,시청,"0151","1",종각 방면,"10","4","0243",충정로 방면,"1","1","02:03"
10,시청,"0151","1",종각 방면,"10","4","0202",을지로입구 방면,"10","4","02:03"
11,종로3가,"0153","1",종각 방면,"6","2","0320",을지로3가 방면,"10","4","02:34"
12,종로3가,"0153","1",종로5가 방면,"4","2","0318",안국 방면,"2","3","05:19"
13,종로3가,"0153","1",종각 방면,"6","2","0318",안국 방면,"1","1","03:27"
14,종로3가,"0153","1",종로5가 방면,"6","4","0320",을지로3가 방면,"2","2","02:27"
15,종로3가,"0153","1",종각 방면,"7","3","2534",광화문 방면,"1","1","08:24"
16,종로3가,"0153","1",종로5가 방면,"6","4","2534",광화문 방면,"1","1","07:06"
17,종로3가,"0153","1",종로5가 방면,"6","1","2536",을지로4가 방면,"8","4","07:38"
18,종로3가,"0153","1",종각 방면,"7","3","2536",을지로4가 방면,"8","4","09:14"
19,동대문,"0155","1",종로5가 방면,"1","3","0422",동대문역사문화공원 방면,"4","1","04:13"
20,동대문,"0155","1",동묘앞 방면,"9","3","0420",혜화 방면,"3","3","05:25"
21,동대문,"0155","1",종로5가 방면,"1","3","0420",혜화 방면,"3","3","05:09"
22,동대문,"0155","1",동묘앞 방면,"9","3","0422",동대문역사문화공원 방면,"3","4","05:28"
23,신설동,"0156","1",동묘앞 방면,"9","4","0250",용두 방면,"4","4","05:00"
24,신설동,"0156","1",제기동 방면,"9","3","0250",용두 방면,"4","2","06:45"
25,신설동,"0156","1",제기동 방면,"9","4","4712",보문 방면,"1","2","03:27"
26,신설동,"0156","1",동묘앞 방면,"2","1","4712",보문 방면,"1","2","04:12"
27,청량리,"0158","1",회기 방면,"1","1","1013",왕십리 방면,"5","3","09:10"
28,청량리,"0158","1",회기 방면,"1","1","101C",회기 방면,"5","3","05:56"
29,청량리,"0158","1",제기동 방면,"10","4","1013",왕십리 방면,"8","4","09:10"
30,청량리,"0158","1",제기동 방면,"10","4","101C",회기 방면,"5","3","05:56"
31,청량리,"0158","1",제기동 방면,"10","4","1307",회기 방면,"8","4","05:56"
32,청량리,"0158","1",회기 방면,"1","1","1307",회기 방면,"8","4","05:56"
33,청량리,"0158","1",회기 방면,"1","1","102C",왕십리 방면,"8","4","05:40"
34,청량리,"0158","1",제기동 방면,"10","4","102C",왕십리 방면,"8","4","05:40"
35,동묘앞,"0159","1",동대문 방면,"2","4","2638",창신 방면,"7","3","03:33"
36,동묘앞,"0159","1",동대문 방면,"2","4","2636",신당 방면,"2","3","03:33"
37,동묘앞,"0159","1",신설동 방면,"9","1","2638",창신 방면,"7","3","03:36"
38,동묘앞,"0159","1",신설동 방면,"9","1","2636",신당 방면,"2","3","03:36"
39,용산,"1003","1",노량진 방면,"1","1","1008",이촌 방면,"8","4","03:52"
40,용산,"1003","1",노량진 방면,"1","1","1261",효창공원앞 방면,"1","2","03:42"
41,용산,"1003","1",남영 방면,"10","2","1008",이촌 방면,"8","4","03:48"
42,용산,"1003","1",남영 방면,"10","2","1261",효창공원앞 방면,"1","2","03:32"
43,노량진,"1004","1",용산 방면,"5","2","4116",샛강 방면,"2","3","05:13"
44,노량진,"1004","1",용산 방면,"5","2","4118",노들 방면,"5","2","05:20"
45,노량진,"1004","1",대방 방면,"3","1","4118",노들 방면,"5","2","03:40"
46,노량진,"1004","1",대방 방면,"3","1","4116",샛강 방면,"2","3","03:35"
47,신도림,"1007","1",영등포 방면,"5","2","0235",문래 방면,"7","2","02:36"
48,신도림,"1007","1",영등포 방면,"5","1","0247",도림천 방면,"1","1","02:17"
49,신도림,"1007","1",구로 방면,"6","2","0247",도림천 방면,"4","1","01:43"
50,신도림,"1007","1",구로 방면,"6","2","0233",대림 방면,"4","3","01:57"
51,신도림,"1007","1",영등포 방면,"5","1","0233",대림 방면,"4","3","02:20"
52,신도림,"1007","1",구로 방면,"7","3","0235",문래 방면,"9","3","03:30"
53,회기,"1015","1",외대앞 방면,"4","2","1014",청량리 방면,"3","3","02:03"
54,회기,"1015","1",청량리 방면,"4","3","1201",중랑 방면,"6","2","02:15"
55,회기,"1015","1",청량리 방면,"7","2","1014",청량리 방면,"3","3","02:03"
56,회기,"1015","1",외대앞 방면,"7","3","1201",중랑 방면,"6","2","02:21"
57,회기,"1015","1",청량리 방면,"7","2","1308",중랑 방면,"3","3","02:09"
58,회기,"1015","1",외대앞 방면,"4","2","1306",청량리 방면,"6","2","02:09"
59,회기,"1015","1",외대앞 방면,"4","2","1308",중랑 방면,"3","3","02:09"
60,회기,"1015","1",청량리 방면,"7","2","1306",청량리 방면,"6","2","02:09"
61,석계,"1018","1",신이문 방면,"1","1","2646",태릉입구 방면,"4","2","05:17"
62,석계,"1018","1",광운대 방면,"10","4","2646",태릉입구 방면,"4","3","05:18"
63,석계,"1018","1",광운대 방면,"10","4","2644",돌곶이 방면,"5","2","05:19"
64,석계,"1018","1",신이문 방면,"1","1","2644",돌곶이 방면,"5","2","05:25"
65,창동,"1022","1",방학 방면,"4","4","0411",노원 방면,"10","4","02:10"
66,창동,"1022","1",녹천 방면,"7","2","0411",노원 방면,"10","4","02:11"
67,창동,"1022","1",방학 방면,"4","4","0413",쌍문 방면,"5","4","02:15"
68,창동,"1022","1",녹천 방면,"7","2","0413",쌍문 방면,"5","4","02:34"
69,신길,"1032","1",대방 방면,"9","1","2527",여의도 방면,"7","3","07:05"
70,신길,"1032","1",영등포 방면,"2","4","2527",여의도 방면,"7","3","06:50"
71,신길,"1032","1",영등포 방면,"2","4","2525",영등포시장 방면,"2","1","07:07"
72,신길,"1032","1",대방 방면,"9","1","2525",영등포시장 방면,"2","1","07:18"
73,가산디지털단지,"1702","1",구로 방면,"10","3","2747",남구로 방면,"5","1","04:13"
74,가산디지털단지,"1702","1",구로 방면,"10","3","2749",철산 방면,"4","3","03:44"
75,가산디지털단지,"1702","1",독산 방면,"1","2","2749",철산 방면,"4","3","04:02"
76,가산디지털단지,"1702","1",독산 방면,"1","2","2747",남구로 방면,"5","1","05:23"
77,금천구청,"1703","1",석수 방면,"7","1","1750",광명 방면,"7","1","00:00"
78,금정,"1708","1",군포 방면,"4","2","1457",범계 방면,"4","2","01:53"
79,금정,"1708","1",명학 방면,"7","3","1457",범계 방면,"4","2","00:03"
80,금정,"1708","1",명학 방면,"7","3","1751",산본 방면,"7","3","01:54"
81,금정,"1708","1",군포 방면,"4","2","1751",산본 방면,"7","3","00:03"
82,수원,"1713","1",화서 방면,"8","2","1872",매교 방면,"4","2","04:02"
83,수원,"1713","1",세류 방면,"6","4","1872",매교 방면,"4","2","05:09"
84,수원,"1713","1",세류 방면,"1","3","1873",고색 방면,"4","2","05:38"
85,수원,"1713","1",화서 방면,"8","2","1873",고색 방면,"4","2","04:12"
86,부평,"1806","1",백운 방면,"7","3","3121",동수 방면,"5","1","07:22"
87,부평,"1806","1",부개 방면,"7","3","3119",부평시장 방면,"1","4","07:17"
88,부평,"1806","1",백운 방면,"7","3","3119",부평시장 방면,"1","4","07:20"
89,부평,"1806","1",부개 방면,"7","3","3121",동수 방면,"1","1","07:20"
90,주안,"1809","1",간석 방면,"10","1","3217",주안국가산단 방면,"1","1","04:06"
91,주안,"1809","1",도화 방면,"1","4","3217",주안국가산단 방면,"1","1","03:45"
92,주안,"1809","1",도화 방면,"1","4","3219",시민공원 방면,"2","3","03:51"
93,주안,"1809","1",간석 방면,"10","1","3219",시민공원 방면,"2","3","04:11"
94,소사,"1814","1",부천 방면,"6","2","4805",소새울 방면,"4","4","05:35"
95,소사,"1814","1",역곡 방면,"3","4","4805",소새울 방면,"4","4","05:08"
96,온수,"1821","1",오류동 방면,"10","4","2751",천왕 방면,"1","1","03:29"
97,온수,"1821","1",오류동 방면,"10","4","3753",까치울 방면,"8","4","03:32"
98,온수,"1821","1",역곡 방면,"1","1","3753",까치울 방면,"8","4","03:49"
99,온수,"1821","1",역곡 방면,"1","1","2751",천왕 방면,"1","1","03:45"
100,도봉산,"1903","1",망월사 방면,"7","2","2713",수락산 방면,"7","2","03:43"
101,도봉산,"1903","1",도봉 방면,"4","3","2711",장암 방면,"4","1","05:54"
102,도봉산,"1903","1",망월사 방면,"7","2","2711",장암 방면,"4","1","05:53"
103,도봉산,"1903","1",도봉 방면,"4","3","2713",수락산 방면,"7","2","03:37"
104,회룡,"1905","1",의정부 방면,"5","3","4603",범골 방면,"1","1","06:55"
105,회룡,"1905","1",의정부 방면,"5","3","4601",발곡 방면,"2","1","04:03"
106,회룡,"1905","1",망월사 방면,"8","3","4601",발곡 방면,"2","1","03:25"
107,회룡,"1905","1",망월사 방면,"8","3","4603",범골 방면,"1","1","05:20"
108,시청,"0201","2",을지로입구 방면,"1","1","0150",서울역 방면,"10","4","04:00"
109,시청,"0201","2",충정로 방면,"10","4","0150",서울역 방면,"10","4","04:00"
110,시청,"0201","2",충정로 방면,"10","4","0152",종각 방면,"1","1","02:03"
111,시청,"0201","2",을지로입구 방면,"1","1","0152",종각 방면,"1","1","02:03"
112,을지로3가,"0203","2",을지로입구 방면,"10","4","0319",종로3가 방면,"7","2","03:28"
113,을지로3가,"0203","2",을지로4가 방면,"1","1","0321",충무로 방면,"7","2","03:23"
114,을지로3가,"0203","2",을지로4가 방면,"1","1","0319",종로3가 방면,"4","2","02:39"
115,을지로3가,"0203","2",을지로입구 방면,"10","4","0321",충무로 방면,"4","2","03:28"
116,을지로4가,"0204","2",을지로3가 방면,"4","2","2535",종로3가 방면,"1","1","04:18"
117,을지로4가,"0204","2",동대문역사문화공원 방면,"4","3","2535",종로3가 방면,"1","1","03:37"
118,을지로4가,"0204","2",동대문역사문화공원 방면,"4","3","2537",동대문역사문화공원 방면,"8","4","03:37"
119,을지로4가,"0204","2",을지로3가 방면,"4","2","2537",동대문역사문화공원 방면,"8","4","04:18"
120,동대문역사문화공원,"0205","2",을지로4가 방면,"3","3","0423",충무로 방면,"1","2","03:23"
121,동대문역사문화공원,"0205","2",을지로4가 방면,"2","3","0421",동대문 방면,"8","3","01:56"
122,동대문역사문화공원,"0205","2",신당 방면,"8","2","0423",충무로 방면,"1","2","03:23"
123,동대문역사문화공원,"0205","2",신당 방면,"9","1","0421",동대문 방면,"8","3","00:43"
124,동대문역사문화공원,"0205","2",신당 방면,"8","2","2536",을지로4가 방면,"1","2","07:00"
125,동대문역사문화공원,"0205","2",신당 방면,"8","2","2538",청구 방면,"8","4","07:00"
126,동대문역사문화공원,"0205","2",을지로4가 방면,"3","3","2538",청구 방면,"8","4","07:00"
127,동대문역사문화공원,"0205","2",을지로4가 방면,"3","3","2536",을지로4가 방면,"1","2","07:00"
128,신당,"0206","2",상왕십리 방면,"10","4","2637",동묘앞 방면,"1","1","07:07"
129,신당,"0206","2",동대문역사문화공원 방면,"1","1","2635",청구 방면,"8","4","07:01"
130,신당,"0206","2",동대문역사문화공원 방면,"1","1","2637",동묘앞 방면,"1","1","07:01"
131,신당,"0206","2",상왕십리 방면,"10","4","2635",청구 방면,"8","4","07:07"
132,왕십리,"0208","2",한양대 방면,"6","1","2540",행당 방면,"5","2","05:01"
133,왕십리,"0208","2",상왕십리 방면,"5","4","2542",마장 방면,"4","2","03:57"
134,왕십리,"0208","2",한양대 방면,"6","1","2542",마장 방면,"4","2","03:55"
135,왕십리,"0208","2",상왕십리 방면,"5","4","2540",행당 방면,"5","2","05:03"
136,왕십리,"0208","2",한양대 방면,"2","3","1012",응봉 방면,"7","1","02:13"
137,왕십리,"0208","2",한양대 방면,"2","3","1014",청량리 방면,"2","4","02:13"
138,왕십리,"0208","2",상왕십리 방면,"7","1","1012",응봉 방면,"7","1","03:34"
139,왕십리,"0208","2",상왕십리 방면,"7","1","1014",청량리 방면,"2","4","03:34"
140,왕십리,"0208","2",상왕십리 방면,"8","4","1847",서울숲 방면,"1","3","03:49"
141,왕십리,"0208","2",상왕십리 방면,"8","4","1845",청량리 방면,"5","4","03:49"
142,왕십리,"0208","2",한양대 방면,"3","1","1847",서울숲 방면,"1","3","05:02"
143,왕십리,"0208","2",한양대 방면,"3","1","1845",청량리 방면,"5","4","03:49"
144,성수,"0211","2",건대입구 방면,"10","4","0244",용답 방면,"1","1","03:32"
145,성수,"0211","2",뚝섬 방면,All,All,"0244",용답 방면,All,All,"00:05"
146,건대입구,"0212","2",구의 방면,"8","3","2730",자양 방면,"8","4","03:44"
147,건대입구,"0212","2",구의 방면,"7","3","2728",어린이대공원 방면,"1","1","05:25"
148,건대입구,"0212","2",성수 방면,"3","2","2730",자양 방면,"8","4","03:49"
149,건대입구,"0212","2",성수 방면,"3","2","2728",어린이대공원 방면,"1","1","05:35"
150,잠실,"0216","2",잠실새내 방면,"10","3","2814",몽촌토성 방면,"1","1","04:01"
151,잠실,"0216","2",잠실새내 방면,"10","3","2816",석촌 방면,"6","4","03:58"
152,잠실,"0216","2",잠실나루 방면,"1","1","2816",석촌 방면,"6","4","04:11"
153,잠실,"0216","2",잠실나루 방면,"1","1","2814",몽촌토성 방면,"1","1","04:01"
154,종합운동장,"0218","2",잠실새내 방면,"9","3","4131",삼전 방면,"1","4","06:52"
155,종합운동장,"0218","2",잠실새내 방면,"9","3","4129",봉은사 방면,"5","4","06:58"
156,종합운동장,"0218","2",삼성 방면,"2","1","4129",봉은사 방면,"5","4","07:06"
157,종합운동장,"0218","2",삼성 방면,"2","1","4131",삼전 방면,"1","4","07:01"
158,선릉,"0220","2",삼성 방면,"5","3","1850",선정릉 방면,"1","1","02:06"
159,선릉,"0220","2",역삼 방면,"6","2","1850",선정릉 방면,"2","4","02:10"
160,선릉,"0220","2",역삼 방면,"6","2","1024",한티 방면,"5","1","02:02"
161,선릉,"0220","2",삼성 방면,"5","3","1024",한티 방면,"6","7","02:08"
162,강남,"0222","2",역삼 방면,"5","2","4308",양재 방면,"1","1","05:05"
163,강남,"0222","2",교대 방면,"6","3","4308",양재 방면,"1","1","05:52"
164,교대,"0223","2",서초 방면,"1","1","0331",남부터미널 방면,"3","3","00:57"
165,교대,"0223","2",강남 방면,"10","4","0329",고속터미널 방면,"2","1","02:38"
166,교대,"0223","2",서초 방면,"1","1","0329",고속터미널 방면,"8","2","00:59"
167,교대,"0223","2",강남 방면,"10","4","0331",남부터미널 방면,"9","4","02:38"
168,사당,"0226","2",방배 방면,"6","3","0432",총신대입구 방면,"1","1","03:24"
169,사당,"0226","2",낙성대 방면,"5","3","0432",총신대입구 방면,"7","3","01:55"
170,사당,"0226","2",방배 방면,"6","3","0434",남태령 방면,"10","4","03:22"
171,사당,"0226","2",낙성대 방면,"5","3","0434",남태령 방면,"4","2","01:51"
172,신림,"0230","2",봉천 방면,"5","3","4409",서원 방면,"3","2","03:00"
173,신림,"0230","2",신대방 방면,"6","2","4409",서원 방면,"3","2","03:00"
174,신림,"0230","2",신대방 방면,"6","2","4407",당곡 방면,"1","1","03:00"
175,신림,"0230","2",봉천 방면,"5","3","4407",당곡 방면,"1","1","03:00"
176,대림,"0233","2",구로디지털단지 방면,"4","2","2745",신풍 방면,"1","1","05:55"
177,대림,"0233","2",구로디지털단지 방면,"4","2","2747",남구로 방면,"8","4","05:18"
178,대림,"0233","2",신도림 방면,"7","4","2747",남구로 방면,"8","4","05:21"
179,대림,"0233","2",신도림 방면,"7","4","2745",신풍 방면,"1","1","05:57"
180,신도림,"0234","2",대림 방면,"7","2","1006",영등포 방면,"6","2","02:20"
181,신도림,"0234","2",문래 방면,"4","3","1006",영등포 방면,"7","3","02:36"
182,신도림,"0234","2",대림 방면,"9","3","1701",구로 방면,"5","1","01:57"
183,신도림,"0234","2",문래 방면,"4","3","1701",구로 방면,"5","2","03:30"
184,신도림,"0234","2",문래 방면,"4","3","0247",도림천 방면,"4","1","01:51"
185,신도림,"0234","2",대림 방면,"7","2","0247",도림천 방면,"4","1","01:51"
186,영등포구청,"0236","2",문래 방면,"2","3","2525",영등포시장 방면,"7","2","04:07"
187,영등포구청,"0236","2",문래 방면,"2","3","2523",양평 방면,"2","3","03:50"
188,영등포구청,"0236","2",당산 방면,"7","4","2523",양평 방면,"2","3","05:21"
189,영등포구청,"0236","2",당산 방면,"7","4","2525",영등포시장 방면,"7","2","05:49"
190,당산,"0237","2",합정 방면,"8","1","4114",국회의사당 방면,"1","1","05:22"
191,당산,"0237","2",합정 방면,"8","1","4112",선유도 방면,"6","4","05:16"
192,당산,"0237","2",영등포구청 방면,"3","4","4114",국회의사당 방면,"1","1","05:46"
193,당산,"0237","2",영등포구청 방면,"3","4","4112",선유도 방면,"6","4","05:46"
194,합정,"0238","2",당산 방면,"2","2","2624",상수 방면,"5","3","02:32"
195,합정,"0238","2",당산 방면,"2","2","2622",망원 방면,"6","2","02:31"
196,합정,"0238","2",홍대입구 방면,"9","3","2622",망원 방면,"6","2","02:29"
197,합정,"0238","2",홍대입구 방면,"9","3","2624",상수 방면,"5","3","03:23"
198,홍대입구,"0239","2",신촌 방면,"3","2","1263",서강대 방면,"1","1","06:48"
199,홍대입구,"0239","2",합정 방면,"8","2","1263",서강대 방면,"1","1","06:45"
200,홍대입구,"0239","2",합정 방면,"6","3","4202",공덕 방면,"2","2","11:46"
201,홍대입구,"0239","2",신촌 방면,"3","2","4202",공덕 방면,"2","1","08:28"
202,홍대입구,"0239","2",신촌 방면,"3","2","4204",디지털미디어시티 방면,"5","3","08:31"
203,홍대입구,"0239","2",합정 방면,"8","2","4204",디지털미디어시티 방면,"1","1","10:57"
204,충정로,"0243","2",시청 방면,"9","1","2531",애오개 방면,"5","3","07:14"
205,충정로,"0243","2",아현 방면,"2","4","2533",서대문 방면,"4","1","07:14"
206,충정로,"0243","2",시청 방면,"9","1","2533",서대문 방면,"4","1","07:14"
207,충정로,"0243","2",아현 방면,"2","4","2531",애오개 방면,"5","3","07:14"
208,종로3가,"0319","3",안국 방면,"2","2","0154",종로5가 방면,"6","2","05:19"
209,종로3가,"0319","3",을지로3가 방면,"1","1","0152",종각 방면,"6","4","02:34"
210,종로3가,"0319","3",을지로3가 방면,"2","3","0154",종로5가 방면,"6","2","02:27"
211,종로3가,"0319","3",안국 방면,"10","4","0152",종각 방면,"4","2","03:27"
212,종로3가,"0319","3",을지로3가 방면,"7","2","2536",을지로4가 방면,"1","1","03:46"
213,종로3가,"0319","3",을지로3가 방면,"7","2","2534",광화문 방면,"1","1","03:43"
214,종로3가,"0319","3",안국 방면,"2","2","2534",광화문 방면,"1","1","03:23"
215,종로3가,"0319","3",안국 방면,"9","2","2536",을지로4가 방면,"8","4","05:39"
216,을지로3가,"0320","3",충무로 방면,"4","2","0204",을지로4가 방면,"10","4","03:23"
217,을지로3가,"0320","3",충무로 방면,"7","2","0202",을지로입구 방면,"1","1","03:28"
218,을지로3가,"0320","3",종로3가 방면,"7","2","0204",을지로4가 방면,"10","4","02:39"
219,을지로3가,"0320","3",종로3가 방면,"4","2","0202",을지로입구 방면,"1","1","03:28"
220,충무로,"0321","3",동대입구 방면,"8","4","0424",명동 방면,"5","1","00:49"
221,충무로,"0321","3",을지로3가 방면,"4","2","0424",명동 방면,"5","1","01:46"
222,충무로,"0321","3",을지로3가 방면,"4","4","0422",동대문역사문화공원 방면,"7","1","00:38"
223,충무로,"0321","3",동대입구 방면,"8","2","0422",동대문역사문화공원 방면,"7","1","01:41"
224,약수,"0323","3",금호 방면,"4","3","2633",버티고개 방면,"1","1","04:18"
225,약수,"0323","3",금호 방면,"4","3","2635",청구 방면,"8","4","04:10"
226,약수,"0323","3",동대입구 방면,"7","1","2635",청구 방면,"8","4","04:10"
227,약수,"0323","3",동대입구 방면,"7","1","2633",버티고개 방면,"1","1","04:18"
228,옥수,"0325","3",금호 방면,"7","4","1010",한남 방면,"7","1","05:14"
229,옥수,"0325","3",압구정 방면,"4","1","1012",응봉 방면,"2","4","05:01"
230,옥수,"0325","3",금호 방면,"7","4","1012",응봉 방면,"2","4","04:15"
231,옥수,"0325","3",압구정 방면,"4","1","1010",한남 방면,"7","1","05:20"
232,고속터미널,"0329","3",교대 방면,"2","3","2737",내방 방면,"2","3","04:17"
233,고속터미널,"0329","3",잠원 방면,"9","2","2735",반포 방면,"7","1","04:06"
234,고속터미널,"0329","3",잠원 방면,"7","2","2737",내방 방면,"2","3","04:19"
235,고속터미널,"0329","3",교대 방면,"9","2","2735",반포 방면,"7","1","06:48"
236,고속터미널,"0329","3",교대 방면,"9","2","4122",신반포 방면,"1","2","05:01"
237,고속터미널,"0329","3",잠원 방면,"4","3","4124",사평 방면,"5","1","03:21"
238,고속터미널,"0329","3",교대 방면,"9","2","4124",사평 방면,"5","1","05:03"
239,고속터미널,"0329","3",잠원 방면,"2","3","4122",신반포 방면,"1","2","05:30"
240,교대,"0330","3",남부터미널 방면,"8","2","0224",서초 방면,"10","4","00:57"
241,교대,"0330","3",고속터미널 방면,"3","3","0224",서초 방면,"10","4","00:59"
242,교대,"0330","3",고속터미널 방면,"9","4","0222",강남 방면,"1","1","02:38"
243,교대,"0330","3",남부터미널 방면,"2","1","0222",강남 방면,"1","1","02:38"
244,양재,"0332","3",남부터미널 방면,"5","4","4309",양재시민의숲 방면,"3","3","03:46"
245,양재,"0332","3",남부터미널 방면,"5","4","4307",강남 방면,"4","3","04:16"
246,양재,"0332","3",매봉 방면,"6","1","4309",양재시민의숲 방면,"3","3","03:20"
247,양재,"0332","3",매봉 방면,"6","1","4307",강남 방면,"6","4","03:46"
248,도곡,"0334","3",매봉 방면,"6","3","1026",구룡 방면,"1","2","01:53"
249,도곡,"0334","3",매봉 방면,"6","2","1024",한티 방면,"6","2","02:17"
250,도곡,"0334","3",대치 방면,"5","4","1024",한티 방면,"4","3","01:52"
251,도곡,"0334","3",대치 방면,"5","4","1026",구룡 방면,"6","4","01:52"
252,수서,"0339","3",가락시장 방면,"5","2","1028",대모산입구 방면,"3","1","02:20"
253,수서,"0339","3",가락시장 방면,"5","2","1031",복정 방면,"6","4","02:34"
254,수서,"0339","3",일원 방면,"5","2","1028",대모산입구 방면,"3","1","02:20"
255,수서,"0339","3",일원 방면,"5","2","1031",복정 방면,"6","4","02:34"
256,가락시장,"0340","3",경찰병원 방면,"1","4","2817",송파 방면,"1","1","02:02"
257,가락시장,"0340","3",경찰병원 방면,"1","4","2819",문정 방면,"6","4","01:52"
258,가락시장,"0340","3",수서 방면,"10","1","2819",문정 방면,"6","4","01:52"
259,가락시장,"0340","3",수서 방면,"10","1","2817",송파 방면,"1","1","02:02"
260,대곡,"1953","3",백석 방면,"3","4","1271",능곡 방면,"4","2","05:11"
261,대곡,"1953","3",백석 방면,"3","4","1272",곡산 방면,"5","3","05:19"
262,대곡,"1953","3",화정 방면,"8","1","1271",능곡 방면,"4","2","05:22"
263,대곡,"1953","3",화정 방면,"8","1","1272",곡산 방면,"5","3","05:27"
264,노원,"0411","4",창동 방면,"1","1","2714",마들 방면,"8","4","08:20"
265,노원,"0411","4",상계 방면,"10","4","2716",중계 방면,"1","1","09:19"
266,노원,"0411","4",상계 방면,"10","4","2714",마들 방면,"8","4","09:01"
267,노원,"0411","4",창동 방면,"1","1","2716",중계 방면,"1","1","08:20"
268,창동,"0412","4",노원 방면,"5","4","1901",방학 방면,"7","2","02:10"
269,창동,"0412","4",쌍문 방면,"10","4","1901",방학 방면,"7","2","02:15"
270,창동,"0412","4",쌍문 방면,"10","4","1021",녹천 방면,"4","4","02:34"
271,창동,"0412","4",노원 방면,"5","4","1021",녹천 방면,"4","4","02:11"
272,성신여대입구,"0418","4",한성대입구 방면,"5","2","4710",정릉 방면,"2","1","05:15"
273,성신여대입구,"0418","4",길음 방면,"5","4","4712",보문 방면,"1","2","02:21"
274,성신여대입구,"0418","4",한성대입구 방면,"5","2","4712",보문 방면,"1","2","02:17"
275,성신여대입구,"0418","4",길음 방면,"5","4","4710",정릉 방면,"2","1","02:19"
276,동대문,"0421","4",혜화 방면,"4","1","0154",종로5가 방면,"9","3","05:09"
277,동대문,"0421","4",동대문역사문화공원 방면,"3","3","0154",종로5가 방면,"9","3","04:13"
278,동대문,"0421","4",혜화 방면,"3","4","0159",동묘앞 방면,"1","3","05:25"
279,동대문,"0421","4",동대문역사문화공원 방면,"3","3","0159",동묘앞 방면,"1","3","05:28"
280,동대문역사문화공원,"0422","4",동대문 방면,"1","2","0206",신당 방면,"2","3","00:43"
281,동대문역사문화공원,"0422","4",충무로 방면,"8","3","0204",을지로4가 방면,"8","2","03:23"
282,동대문역사문화공원,"0422","4",동대문 방면,"1","2","0204",을지로4가 방면,"9","1","01:56"
283,동대문역사문화공원,"0422","4",충무로 방면,"8","3","0206",신당 방면,"3","3","03:23"
284,동대문역사문화공원,"0422","4",동대문 방면,"9","2","2538",청구 방면,"8","4","04:00"
285,동대문역사문화공원,"0422","4",충무로 방면,"2","3","2536",을지로4가 방면,"1","2","03:54"
286,동대문역사문화공원,"0422","4",동대문 방면,"1","2","2536",을지로4가 방면,"1","1","07:35"
287,동대문역사문화공원,"0422","4",충무로 방면,"2","3","2538",청구 방면,"8","4","03:50"
288,충무로,"0423","4",동대문역사문화공원 방면,"5","1","0320",을지로3가 방면,"8","2","00:38"
289,충무로,"0423","4",동대문역사문화공원 방면,"5","1","0322",동대입구 방면,"4","4","01:41"
290,충무로,"0423","4",명동 방면,"7","1","0320",을지로3가 방면,"8","4","01:46"
291,충무로,"0423","4",명동 방면,"7","1","0322",동대입구 방면,"4","2","00:49"
292,서울역,"0426","4",숙대입구 방면,"10","4","1002",남영 방면,"10","4","03:40"
293,서울역,"0426","4",회현 방면,"1","1","0151",시청 방면,"1","2","03:40"
294,서울역,"0426","4",숙대입구 방면,"10","4","0151",시청 방면,"1","2","03:40"
295,서울역,"0426","4",회현 방면,"1","1","1002",남영 방면,"10","4","03:40"
296,서울역,"0426","4",회현 방면,"3","3","4202",공덕 방면,"2","4","15:21"
297,서울역,"0426","4",숙대입구 방면,"8","1","4202",공덕 방면,"2","4","15:21"
298,삼각지,"0428","4",숙대입구 방면,"1","1","2628",효창공원앞 방면,"3","1","03:44"
299,삼각지,"0428","4",신용산 방면,"10","4","2630",녹사평 방면,"3","1","03:37"
300,삼각지,"0428","4",신용산 방면,"10","4","2628",효창공원앞 방면,"6","4","03:37"
301,삼각지,"0428","4",숙대입구 방면,"1","1","2630",녹사평 방면,"6","4","03:44"
302,이촌,"0430","4",동작 방면,"7","2","100C",용산 방면,"5","2","03:22"
303,이촌,"0430","4",동작 방면,"7","2","1009",서빙고 방면,"4","2","02:12"
304,이촌,"0430","4",신용산 방면,"4","2","100C",용산 방면,"5","2","03:42"
305,이촌,"0430","4",신용산 방면,"4","2","1009",서빙고 방면,"4","2","03:25"
306,동작,"0431","4",이촌 방면,"8","4","4119",흑석 방면,"6","4","08:30"
307,동작,"0431","4",이촌 방면,"8","4","4121",구반포 방면,"6","4","08:30"
308,동작,"0431","4",총신대입구 방면,"2","4","4119",흑석 방면,"6","4","08:20"
309,동작,"0431","4",총신대입구 방면,"2","4","4121",구반포 방면,"6","4","08:20"
310,총신대입구,"0432","4",동작 방면,"10","3","2737",내방 방면,"8","4","05:17"
311,총신대입구,"0432","4",동작 방면,"10","3","2739",남성 방면,"2","2","03:44"
312,총신대입구,"0432","4",사당 방면,"1","1","2739",남성 방면,"2","2","03:48"
313,총신대입구,"0432","4",사당 방면,"1","1","2737",내방 방면,"8","4","05:24"
314,사당,"0433","4",총신대입구 방면,"10","4","0225",방배 방면,"5","3","03:24"
315,사당,"0433","4",총신대입구 방면,"4","2","0227",낙성대 방면,"6","3","01:55"
316,사당,"0433","4",남태령 방면,"1","1","0225",방배 방면,"5","3","03:22"
317,사당,"0433","4",남태령 방면,"7","3","0227",낙성대 방면,"6","3","01:51"
318,금정,"1458","4",범계 방면,"7","3","1709",군포 방면,"7","3","01:53"
319,금정,"1458","4",산본 방면,"4","2","1707",명학 방면,"4","2","01:54"
320,금정,"1458","4",산본 방면,"4","2","1709",군포 방면,"7","3","00:03"
321,금정,"1458","4",범계 방면,"7","3","1707",명학 방면,"4","2","00:03"
322,한대앞,"1755","4",중앙 방면,"5","2","1831",중앙 방면,"6","2","00:30"
323,한대앞,"1755","4",상록수 방면,"6","2","1831",중앙 방면,"6","2","00:57"
324,한대앞,"1755","4",중앙 방면,"5","2","1831",중앙 방면,"5","1","00:30"
325,한대앞,"1755","4",상록수 방면,"6","2","1877",사리 방면,"5","2","00:30"
326,한대앞,"1755","4",중앙 방면,"5","2","1877",사리 방면,"5","2","00:57"
327,중앙,"1756","4",고잔 방면,"4","4","1830",한대앞 방면,"4","4","01:40"
328,중앙,"1756","4",고잔 방면,"4","4","1832",고잔 방면,"7","1","00:30"
329,중앙,"1756","4",고잔 방면,"4","4","1832",고잔 방면,"6","4","00:30"
330,중앙,"1756","4",한대앞 방면,"7","1","1832",고잔 방면,"7","1","01:40"
331,중앙,"1756","4",한대앞 방면,"7","1","1830",한대앞 방면,"4","4","00:30"
332,고잔,"1757","4",중앙 방면,"6","4","1831",중앙 방면,"5","1","00:30"
333,고잔,"1757","4",중앙 방면,"6","4","1831",중앙 방면,"6","2","00:30"
334,고잔,"1757","4",초지 방면,"5","1","1833",초지 방면,"6","4","00:30"
335,고잔,"1757","4",초지 방면,"5","1","1833",초지 방면,"4","3","00:30"
336,고잔,"1757","4",중앙 방면,"6","4","1833",초지 방면,"6","4","01:54"
337,고잔,"1757","4",초지 방면,"5","1","1831",중앙 방면,"5","1","01:54"
338,초지,"1758","4",안산 방면,"10","4","4814",시우 방면,"4","4","07:31"
339,초지,"1758","4",안산 방면,"10","4","4812",선부 방면,"1","4","07:18"
340,초지,"1758","4",고잔 방면,"1","1","4812",선부 방면,"1","4","07:20"
341,초지,"1758","4",고잔 방면,"1","1","4814",시우 방면,"4","4","07:39"
342,안산,"1759","4",신길온천 방면,"4","3","1835",신길온천 방면,"7","2","00:30"
343,안산,"1759","4",신길온천 방면,"4","3","1833",초지 방면,"4","3","01:41"
344,안산,"1759","4",초지 방면,"7","2","1833",초지 방면,"6","4","00:30"
345,안산,"1759","4",신길온천 방면,"4","3","1835",신길온천 방면,"5","1","00:30"
346,안산,"1759","4",초지 방면,"7","2","1833",초지 방면,"4","3","00:30"
347,안산,"1759","4",초지 방면,"7","2","1835",신길온천 방면,"7","2","01:41"
348,신길온천,"1760","4",안산 방면,"7","1","1834",안산 방면,"4","4","00:30"
349,신길온천,"1760","4",정왕 방면,"4","4","1834",안산 방면,"4","4","01:42"
350,신길온천,"1760","4",안산 방면,"7","1","1836",정왕 방면,"7","1","01:42"
351,신길온천,"1760","4",정왕 방면,"4","4","1836",정왕 방면,"9","1","00:30"
352,신길온천,"1760","4",정왕 방면,"4","4","1836",정왕 방면,"7","1","00:30"
353,신길온천,"1760","4",안산 방면,"7","1","1834",안산 방면,"1","1","00:30"
354,정왕,"1761","4",오이도 방면,"5","1","1800",오이도 방면,"6","4","00:30"
355,정왕,"1761","4",신길온천 방면,"6","4","1835",신길온천 방면,"7","2","00:30"
356,정왕,"1761","4",신길온천 방면,"6","4","1800",오이도 방면,"6","4","02:12"
357,정왕,"1761","4",오이도 방면,"5","1","1835",신길온천 방면,"5","1","02:12"
358,정왕,"1761","4",신길온천 방면,"6","4","1835",신길온천 방면,"5","1","00:30"
359,김포공항,"2513","5",개화산 방면,"7","3","4101",개화 방면,"5","1","05:28"
360,김포공항,"2513","5",개화산 방면,"7","3","4103",공항시장 방면,"2","4","03:33"
361,김포공항,"2513","5",송정 방면,"1","4","4103",공항시장 방면,"2","4","03:56"
362,김포공항,"2513","5",송정 방면,"1","4","4101",개화 방면,"6","4","05:35"
363,김포공항,"2513","5",송정 방면,"1","4","4206",마곡나루 방면,"4","1","03:56"
364,김포공항,"2513","5",개화산 방면,"7","3","4208",계양 방면,"4","1","05:28"
365,김포공항,"2513","5",개화산 방면,"7","3","4206",마곡나루 방면,"4","1","03:59"
366,김포공항,"2513","5",송정 방면,"1","4","4208",계양 방면,"6","4","05:35"
367,김포공항,"2513","5",개화산 방면,"7","3","4928",고촌 방면,"2","2","05:08"
368,김포공항,"2513","5",송정 방면,"1","4","4928",고촌 방면,"2","2","08:45"
369,김포공항,"2513","5",개화산 방면,"7","3","104C",능곡 방면,"4","2","03:33"
370,김포공항,"2513","5",송정 방면,"1","4","104C",능곡 방면,"4","2","03:00"
371,김포공항,"2513","5",개화산 방면,"7","3","1981",원종 방면,"3","3","03:33"
372,김포공항,"2513","5",송정 방면,"1","4","1981",원종 방면,"3","3","03:00"
373,까치산,"2519","5",신정 방면,"7","4","0249",신정네거리 방면,"6","4","00:23"
374,까치산,"2519","5",화곡 방면,"1","1","0249",신정네거리 방면,"6","4","02:04"
375,영등포구청,"2524","5",양평 방면,"7","2","0237",당산 방면,"2","3","05:21"
376,영등포구청,"2524","5",양평 방면,"7","2","0235",문래 방면,"7","4","03:50"
377,영등포구청,"2524","5",영등포시장 방면,"2","3","0237",당산 방면,"2","3","05:49"
378,영등포구청,"2524","5",영등포시장 방면,"2","3","0235",문래 방면,"7","4","04:07"
379,신길,"2526","5",여의도 방면,"2","1","1006",영등포 방면,"9","1","06:50"
380,신길,"2526","5",여의도 방면,"2","1","1005",대방 방면,"2","4","07:05"
381,신길,"2526","5",영등포시장 방면,"7","3","1005",대방 방면,"2","4","07:18"
382,신길,"2526","5",영등포시장 방면,"7","3","1006",영등포 방면,"9","1","07:07"
383,여의도,"2527","5",신길 방면,"6","1","4114",국회의사당 방면,"4","3","01:58"
384,여의도,"2527","5",여의나루 방면,"6","1","4116",샛강 방면,"3","4","01:59"
385,여의도,"2527","5",여의나루 방면,"3","4","4114",국회의사당 방면,"4","3","02:01"
386,여의도,"2527","5",신길 방면,"3","4","4116",샛강 방면,"3","4","01:56"
387,공덕,"2530","5",마포 방면,"1","1","2628",효창공원앞 방면,"1","1","02:25"
388,공덕,"2530","5",애오개 방면,"8","4","2626",대흥 방면,"8","4","03:27"
389,공덕,"2530","5",마포 방면,"1","1","2626",대흥 방면,"8","4","03:27"
390,공덕,"2530","5",애오개 방면,"8","4","2628",효창공원앞 방면,"1","1","02:25"
391,공덕,"2530","5",애오개 방면,"8","4","1263",서강대 방면,"8","4","06:46"
392,공덕,"2530","5",마포 방면,"1","1","1261",효창공원앞 방면,"1","1","06:47"
393,공덕,"2530","5",마포 방면,"1","1","1263",서강대 방면,"8","4","06:46"
394,공덕,"2530","5",애오개 방면,"8","4","1261",효창공원앞 방면,"1","1","06:47"
395,공덕,"2530","5",마포 방면,"1","1","4203",홍대입구 방면,"6","1","08:34"
396,공덕,"2530","5",마포 방면,"1","1","4201",서울역 방면,"1","4","07:38"
397,공덕,"2530","5",애오개 방면,"8","4","4203",홍대입구 방면,"6","1","08:34"
398,공덕,"2530","5",애오개 방면,"8","4","4201",서울역 방면,"1","4","07:38"
399,충정로,"2532","5",서대문 방면,"5","3","0242",아현 방면,"9","1","07:14"
400,충정로,"2532","5",서대문 방면,"5","3","0201",시청 방면,"2","4","07:14"
401,충정로,"2532","5",애오개 방면,"4","1","0242",아현 방면,"9","1","07:14"
402,충정로,"2532","5",애오개 방면,"4","1","0201",시청 방면,"2","4","07:14"
403,종로3가,"2535","5",을지로4가 방면,"1","1","0154",종로5가 방면,"7","3","07:38"
404,종로3가,"2535","5",광화문 방면,"8","4","0152",종각 방면,"6","4","08:24"
405,종로3가,"2535","5",광화문 방면,"8","4","0154",종로5가 방면,"7","3","07:06"
406,종로3가,"2535","5",을지로4가 방면,"1","1","0152",종각 방면,"6","1","09:14"
407,종로3가,"2535","5",광화문 방면,"1","1","0320",을지로3가 방면,"2","2","03:43"
408,종로3가,"2535","5",을지로4가 방면,"1","1","0320",을지로3가 방면,"9","2","03:46"
409,종로3가,"2535","5",광화문 방면,"8","4","0318",안국 방면,"7","2","03:23"
410,종로3가,"2535","5",을지로4가 방면,"1","1","0318",안국 방면,"7","2","05:39"
411,을지로4가,"2536","5",동대문역사문화공원 방면,"1","1","0205",동대문역사문화공원 방면,"4","2","03:37"
412,을지로4가,"2536","5",종로3가 방면,"8","4","0203",을지로3가 방면,"4","3","04:18"
413,을지로4가,"2536","5",동대문역사문화공원 방면,"1","1","0203",을지로3가 방면,"4","3","04:18"
414,을지로4가,"2536","5",종로3가 방면,"8","4","0205",동대문역사문화공원 방면,"4","2","03:37"
415,동대문역사문화공원,"2537","5",을지로4가 방면,"8","4","0204",을지로4가 방면,"8","2","07:00"
416,동대문역사문화공원,"2537","5",청구 방면,"1","2","0206",신당 방면,"3","3","07:00"
417,동대문역사문화공원,"2537","5",청구 방면,"1","2","0204",을지로4가 방면,"8","2","07:00"
418,동대문역사문화공원,"2537","5",을지로4가 방면,"8","4","0206",신당 방면,"3","3","07:00"
419,동대문역사문화공원,"2537","5",을지로4가 방면,"8","4","0421",동대문 방면,"2","3","04:00"
420,동대문역사문화공원,"2537","5",을지로4가 방면,"8","4","0423",충무로 방면,"1","2","03:54"
421,동대문역사문화공원,"2537","5",청구 방면,"1","2","0423",충무로 방면,"9","2","03:50"
422,동대문역사문화공원,"2537","5",청구 방면,"1","1","0421",동대문 방면,"2","3","04:00"
423,청구,"2538","5",동대문역사문화공원 방면,"2","4","2634",약수 방면,"6","2","02:30"
424,청구,"2538","5",동대문역사문화공원 방면,"2","4","2636",신당 방면,"6","1","02:37"
425,청구,"2538","5",신금호 방면,"6","4","2636",신당 방면,"6","1","02:37"
426,청구,"2538","5",신금호 방면,"6","4","2634",약수 방면,"6","2","02:30"
427,왕십리,"2541","5",행당 방면,"4","2","0207",상왕십리 방면,"6","1","05:03"
428,왕십리,"2541","5",행당 방면,"4","2","0209",한양대 방면,"5","4","05:01"
429,왕십리,"2541","5",마장 방면,"5","2","0207",상왕십리 방면,"6","1","03:57"
430,왕십리,"2541","5",마장 방면,"5","2","0209",한양대 방면,"5","4","03:55"
431,왕십리,"2541","5",마장 방면,"5","2","1014",청량리 방면,"8","2","07:23"
432,왕십리,"2541","5",행당 방면,"4","2","1012",응봉 방면,"1","3","08:29"
433,왕십리,"2541","5",행당 방면,"4","2","1014",청량리 방면,"8","2","08:29"
434,왕십리,"2541","5",마장 방면,"5","2","1012",응봉 방면,"1","3","07:23"
435,왕십리,"2541","5",마장 방면,"5","2","1847",서울숲 방면,"1","3","07:18"
436,왕십리,"2541","5",행당 방면,"4","2","1847",서울숲 방면,"1","3","08:24"
437,왕십리,"2541","5",마장 방면,"5","3","1845",청량리 방면,"5","4","07:18"
438,왕십리,"2541","5",행당 방면,"4","2","1845",청량리 방면,"5","4","07:18"
439,군자,"2545","5",장한평 방면,"1","1","2728",어린이대공원 방면,"4","3","03:25"
440,군자,"2545","5",아차산 방면,"1","1","2726",중곡 방면,"4","4","02:34"
441,군자,"2545","5",아차산 방면,"8","4","2728",어린이대공원 방면,"4","3","03:25"
442,군자,"2545","5",장한평 방면,"8","4","2726",중곡 방면,"4","4","02:34"
443,천호,"2548","5",강동 방면,"8","2","2813",강동구청 방면,"2","2","00:39"
444,천호,"2548","5",강동 방면,"8","1","2811",암사 방면,"5","2","00:39"
445,천호,"2548","5",광나루 방면,"1","2","2813",강동구청 방면,"1","4","00:43"
446,천호,"2548","5",광나루 방면,"1","3","2811",암사 방면,"6","1","00:43"
447,올림픽공원,"2556","5",방이 방면,"4","4","4137",둔촌오륜 방면,"1","1","00:59"
448,올림픽공원,"2556","5",둔촌동 방면,"6","1","4135",한성백제 방면,"5","3","04:15"
449,올림픽공원,"2556","5",둔촌동 방면,"6","1","4137",둔촌오륜 방면,"4","2","03:52"
450,올림픽공원,"2556","5",방이 방면,"3","4","4135",한성백제 방면,"5","3","03:38"
451,오금,"2558","5",방이 방면,"8","1","0341",경찰병원 방면,"2","2","01:53"
452,오금,"2558","5",개롱 방면,"1","4","0341",경찰병원 방면,"2","2","02:10"
453,불광,"2613","6",독바위 방면,"2","2","0311",연신내 방면,"10","3","03:42"
454,불광,"2613","6",독바위 방면,"7","2","0313",녹번 방면,"1","2","03:48"
455,연신내,"2615","6",구산 방면,"6","2","0310",구파발 방면,"6","4","05:43"
456,연신내,"2615","6",구산 방면,"6","2","0312",불광 방면,"5","1","05:47"
457,디지털미디어시티,"2619","6",증산 방면,"2","2","1267",수색 방면,"1","1","03:20"
458,디지털미디어시티,"2619","6",월드컵경기장 방면,"7","2","1265",가좌 방면,"8","4","02:13"
459,디지털미디어시티,"2619","6",월드컵경기장 방면,"7","2","1267",수색 방면,"1","1","02:25"
460,디지털미디어시티,"2619","6",증산 방면,"2","2","1265",가좌 방면,"8","4","03:46"
461,디지털미디어시티,"2619","6",증산 방면,"8","4","4203",홍대입구 방면,"2","3","07:20"
462,디지털미디어시티,"2619","6",월드컵경기장 방면,"1","1","4206",마곡나루 방면,"2","4","06:44"
463,디지털미디어시티,"2619","6",월드컵경기장 방면,"1","1","4203",홍대입구 방면,"6","4","07:19"
464,디지털미디어시티,"2619","6",증산 방면,"8","4","4206",마곡나루 방면,"2","3","11:50"
465,합정,"2623","6",망원 방면,"5","3","0237",당산 방면,"9","3","02:31"
466,합정,"2623","6",상수 방면,"6","2","0239",홍대입구 방면,"2","2","03:23"
467,합정,"2623","6",망원 방면,"5","3","0239",홍대입구 방면,"2","2","02:29"
468,합정,"2623","6",상수 방면,"6","2","0237",당산 방면,"9","3","02:32"
469,공덕,"2627","6",효창공원앞 방면,"8","4","2531",애오개 방면,"1","1","02:25"
470,공덕,"2627","6",대흥 방면,"1","1","2529",마포 방면,"8","4","03:27"
471,공덕,"2627","6",대흥 방면,"1","1","2531",애오개 방면,"1","1","03:27"
472,공덕,"2627","6",효창공원앞 방면,"8","4","2529",마포 방면,"8","4","02:25"
473,공덕,"2627","6",대흥 방면,"1","1","1261",효창공원앞 방면,"1","1","05:39"
474,공덕,"2627","6",대흥 방면,"1","1","1263",서강대 방면,"8","4","07:03"
475,공덕,"2627","6",효창공원앞 방면,"8","4","1263",서강대 방면,"8","4","04:11"
476,공덕,"2627","6",효창공원앞 방면,"8","4","1261",효창공원앞 방면,"1","1","05:39"
477,공덕,"2627","6",대흥 방면,"1","1","4203",홍대입구 방면,"6","1","07:16"
478,공덕,"2627","6",효창공원앞 방면,"8","4","4203",홍대입구 방면,"6","1","05:04"
479,공덕,"2627","6",효창공원앞 방면,"8","4","4201",서울역 방면,"1","4","04:09"
480,공덕,"2627","6",대흥 방면,"1","1","4201",서울역 방면,"1","4","05:44"
481,효창공원앞,"2628","6",삼각지 방면,"3","1","100C",용산 방면,"5","3","03:31"
482,효창공원앞,"2628","6",공덕 방면,"6","4","1262",공덕 방면,"8","2","06:40"
483,효창공원앞,"2628","6",삼각지 방면,"3","1","1262",공덕 방면,"8","2","06:40"
484,효창공원앞,"2628","6",공덕 방면,"6","4","100C",용산 방면,"5","3","03:31"
485,삼각지,"2629","6",녹사평 방면,"3","1","0427",숙대입구 방면,"10","4","03:44"
486,삼각지,"2629","6",녹사평 방면,"6","4","0429",신용산 방면,"1","1","03:37"
487,삼각지,"2629","6",효창공원앞 방면,"3","1","0429",신용산 방면,"1","1","03:37"
488,삼각지,"2629","6",효창공원앞 방면,"6","4","0427",숙대입구 방면,"10","4","03:44"
489,약수,"2634","6",버티고개 방면,"8","4","0322",동대입구 방면,"4","3","04:18"
490,약수,"2634","6",청구 방면,"1","1","0322",동대입구 방면,"4","3","04:10"
491,약수,"2634","6",버티고개 방면,"8","4","0324",금호 방면,"7","1","04:18"
492,약수,"2634","6",청구 방면,"1","1","0324",금호 방면,"7","1","04:10"
493,청구,"2635","6",신당 방면,"6","2","2539",신금호 방면,"2","4","02:37"
494,청구,"2635","6",신당 방면,"6","2","2537",동대문역사문화공원 방면,"6","4","02:37"
495,청구,"2635","6",약수 방면,"6","1","2539",신금호 방면,"2","4","02:30"
496,청구,"2635","6",약수 방면,"6","1","2537",동대문역사문화공원 방면,"6","4","02:30"
497,신당,"2636","6",청구 방면,"1","1","0207",상왕십리 방면,"1","1","07:07"
498,신당,"2636","6",동묘앞 방면,"8","4","0207",상왕십리 방면,"1","1","07:07"
499,신당,"2636","6",동묘앞 방면,"8","4","0205",동대문역사문화공원 방면,"10","4","07:01"
500,신당,"2636","6",청구 방면,"1","1","0205",동대문역사문화공원 방면,"10","4","07:01"
501,동묘앞,"2637","6",창신 방면,"2","3","0156",신설동 방면,"2","4","03:36"
502,동묘앞,"2637","6",신당 방면,"7","3","0155",동대문 방면,"9","1","03:33"
503,동묘앞,"2637","6",신당 방면,"7","3","0156",신설동 방면,"2","4","03:36"
504,동묘앞,"2637","6",창신 방면,"2","3","0155",동대문 방면,"9","1","03:33"
505,보문,"2639","6",창신 방면,"5","4","4711",성신여대입구 방면,"1","1","03:28"
506,보문,"2639","6",안암 방면,"5","4","4713",신설동 방면,"2","2","03:30"
507,보문,"2639","6",창신 방면,"5","4","4713",신설동 방면,"2","2","03:30"
508,보문,"2639","6",안암 방면,"5","4","4711",성신여대입구 방면,"1","1","03:28"
509,석계,"2645","6",돌곶이 방면,"4","3","1019",광운대 방면,"1","1","05:19"
510,석계,"2645","6",돌곶이 방면,"4","2","1017",신이문 방면,"10","4","05:25"
511,석계,"2645","6",태릉입구 방면,"5","2","1017",신이문 방면,"10","4","05:17"
512,석계,"2645","6",태릉입구 방면,"5","2","1019",광운대 방면,"1","1","05:18"
513,태릉입구,"2646","6",석계 방면,"8","4","2720",먹골 방면,"8","3","01:59"
514,태릉입구,"2646","6",화랑대 방면,"1","1","2718",공릉 방면,"1","1","02:19"
515,태릉입구,"2646","6",화랑대 방면,"1","1","2720",먹골 방면,"8","3","02:09"
516,태릉입구,"2646","6",석계 방면,"8","4","2718",공릉 방면,"1","1","01:58"
517,도봉산,"2712","7",장암 방면,"7","2","1902",도봉 방면,"7","2","05:54"
518,도봉산,"2712","7",수락산 방면,"4","1","1902",도봉 방면,"7","2","03:37"
519,도봉산,"2712","7",수락산 방면,"4","1","1904",망월사 방면,"4","3","03:43"
520,도봉산,"2712","7",장암 방면,"7","2","1904",망월사 방면,"4","3","05:53"
521,노원,"2715","7",중계 방면,"8","4","0412",창동 방면,"10","4","08:20"
522,노원,"2715","7",중계 방면,"8","4","0410",상계 방면,"1","1","09:19"
523,노원,"2715","7",마들 방면,"1","1","0412",창동 방면,"10","4","08:20"
524,노원,"2715","7",마들 방면,"1","1","0410",상계 방면,"1","1","09:01"
525,태릉입구,"2719","7",공릉 방면,"8","3","2647",화랑대 방면,"8","4","02:19"
526,태릉입구,"2719","7",먹골 방면,"1","1","2645",석계 방면,"1","1","01:59"
527,태릉입구,"2719","7",공릉 방면,"8","3","2645",석계 방면,"1","1","01:58"
528,태릉입구,"2719","7",먹골 방면,"1","1","2647",화랑대 방면,"8","4","02:09"
529,상봉,"2722","7",중화 방면,"3","4","1201",중랑 방면,"2","4","10:15"
530,상봉,"2722","7",중화 방면,"3","4","1203",망우 방면,"4","2","06:53"
531,상봉,"2722","7",면목 방면,"6","2","1203",망우 방면,"4","2","06:56"
532,상봉,"2722","7",면목 방면,"6","2","1201",중랑 방면,"2","4","10:01"
533,상봉,"2722","7",중화 방면,"3","4","1310",망우 방면,"4","2","07:00"
534,상봉,"2722","7",면목 방면,"6","2","1310",망우 방면,"4","2","07:06"
535,상봉,"2722","7",중화 방면,"3","4","1308",중랑 방면,"4","4","10:15"
536,상봉,"2722","7",면목 방면,"6","2","1308",중랑 방면,"4","4","10:01"
537,군자,"2727","7",중곡 방면,"4","3","2546",아차산 방면,"8","4","02:34"
538,군자,"2727","7",어린이대공원 방면,"4","4","2546",아차산 방면,"1","1","03:25"
539,군자,"2727","7",어린이대공원 방면,"4","4","2544",장한평 방면,"8","4","03:25"
540,군자,"2727","7",중곡 방면,"4","3","2544",장한평 방면,"1","1","02:34"
541,건대입구,"2729","7",어린이대공원 방면,"8","4","0213",구의 방면,"3","2","05:35"
542,건대입구,"2729","7",어린이대공원 방면,"8","4","0211",성수 방면,"7","3","05:25"
543,건대입구,"2729","7",자양 방면,"1","1","0213",구의 방면,"3","2","03:49"
544,건대입구,"2729","7",자양 방면,"1","1","0211",성수 방면,"8","3","03:44"
545,강남구청,"2732","7",학동 방면,"5","1","1850",선정릉 방면,"3","1","03:36"
546,강남구청,"2732","7",청담 방면,"5","1","1850",선정릉 방면,"3","1","03:40"
547,강남구청,"2732","7",청담 방면,"5","1","1848",압구정로데오 방면,"4","4","03:32"
548,강남구청,"2732","7",학동 방면,"5","1","1848",압구정로데오 방면,"4","4","03:34"
549,고속터미널,"2736","7",내방 방면,"7","1","0330",교대 방면,"7","2","04:17"
550,고속터미널,"2736","7",반포 방면,"2","3","0328",잠원 방면,"9","2","04:06"
551,고속터미널,"2736","7",반포 방면,"2","3","0330",교대 방면,"9","2","06:48"
552,고속터미널,"2736","7",내방 방면,"7","1","0328",잠원 방면,"2","3","04:19"
553,고속터미널,"2736","7",반포 방면,"2","3","4122",신반포 방면,"5","2","09:13"
554,고속터미널,"2736","7",내방 방면,"7","1","4124",사평 방면,"5","1","08:53"
555,고속터미널,"2736","7",내방 방면,"7","1","4122",신반포 방면,"1","2","09:04"
556,고속터미널,"2736","7",반포 방면,"2","3","4124",사평 방면,"5","1","09:17"
557,이수,"2738","7",내방 방면,"2","2","0431",동작 방면,"1","1","05:17"
558,이수,"2738","7",남성 방면,"8","4","0431",동작 방면,"1","1","03:44"
559,이수,"2738","7",남성 방면,"8","4","0433",사당 방면,"10","3","03:48"
560,이수,"2738","7",내방 방면,"2","2","0433",사당 방면,"10","3","05:24"
561,보라매,"2744","7",신풍 방면,"8","4","4405",보라매공원 방면,"3","1","03:00"
562,보라매,"2744","7",신대방삼거리 방면,"1","1","4405",보라매공원 방면,"3","1","03:00"
563,보라매,"2744","7",신대방삼거리 방면,"1","1","4403",서울지방병무청 방면,"1","2","03:00"
564,보라매,"2744","7",신풍 방면,"8","4","4403",서울지방병무청 방면,"1","2","03:00"
565,대림,"2746","7",신풍 방면,"8","4","0232",구로디지털단지 방면,"7","4","05:55"
566,대림,"2746","7",남구로 방면,"1","1","0234",신도림 방면,"4","2","05:21"
567,대림,"2746","7",남구로 방면,"1","1","0232",구로디지털단지 방면,"7","4","05:18"
568,대림,"2746","7",신풍 방면,"8","4","0234",신도림 방면,"4","2","05:57"
569,가산디지털단지,"2748","7",남구로 방면,"4","3","1701",구로 방면,"1","2","04:13"
570,가산디지털단지,"2748","7",남구로 방면,"4","3","1714",독산 방면,"10","3","05:23"
571,가산디지털단지,"2748","7",철산 방면,"5","1","1714",독산 방면,"10","3","04:02"
572,가산디지털단지,"2748","7",철산 방면,"5","1","1701",구로 방면,"1","2","03:44"
573,온수,"2752","7",천왕 방면,"8","4","1803",역곡 방면,"10","4","03:45"
574,온수,"2752","7",까치울 방면,"1","1","1802",오류동 방면,"1","1","03:32"
575,온수,"2752","7",까치울 방면,"1","1","1803",역곡 방면,"10","4","03:49"
576,온수,"2752","7",천왕 방면,"8","4","1802",오류동 방면,"1","1","03:29"
577,부천종합운동장,"3754","7",까치울 방면,"4","1","4804",소사 방면,All,All,"03:33"
578,부천종합운동장,"3754","7",까치울 방면,"4","1","1981",원종 방면,All,All,"03:33"
579,부천종합운동장,"3754","7",춘의 방면,"5","4","4804",소사 방면,All,All,"03:33"
580,부천종합운동장,"3754","7",춘의 방면,"5","4","1981",원종 방면,All,All,"03:33"
581,구리,"2808","8",동구릉 방면,"6","1","1204",양원 방면,"6","1","00:43"
582,구리,"2808","8",동구릉 방면,"6","1","1206",도농 방면,"1","1","00:43"
583,구리,"2808","8",장자호수공원 방면,"6","1","1204",양원 방면,"6","1","00:43"
584,구리,"2808","8",장자호수공원 방면,"6","1","1206",도농 방면,"6","1","00:43"
585,천호,"2812","8",강동구청 방면,"5","2","2549",강동 방면,"1","2","00:39"
586,천호,"2812","8",암사 방면,"2","2","2549",강동 방면,"1","3","00:39"
587,천호,"2812","8",강동구청 방면,"6","1","2547",광나루 방면,"8","2","00:43"
588,천호,"2812","8",암사 방면,"1","4","2547",광나루 방면,"8","1","00:43"
589,잠실,"2815","8",몽촌토성 방면,"6","4","0217",잠실새내 방면,"1","1","04:01"
590,잠실,"2815","8",석촌 방면,"1","1","0215",잠실나루 방면,"10","3","04:11"
591,잠실,"2815","8",몽촌토성 방면,"6","4","0215",잠실나루 방면,"10","3","04:01"
592,잠실,"2815","8",석촌 방면,"1","1","0217",잠실새내 방면,"1","1","03:58"
593,석촌,"2816","8",송파 방면,"1","1","4132",석촌고분 방면,"4","2","02:10"
594,석촌,"2816","8",송파 방면,"1","1","4134",송파나루 방면,"3","3","02:16"
595,석촌,"2816","8",잠실 방면,"6","4","4132",석촌고분 방면,"1","1","02:20"
596,석촌,"2816","8",잠실 방면,"6","4","4134",송파나루 방면,"6","4","02:16"
597,가락시장,"2818","8",문정 방면,"1","1","0339",수서 방면,"1","4","01:52"
598,가락시장,"2818","8",송파 방면,"6","4","0339",수서 방면,"1","4","02:02"
599,가락시장,"2818","8",송파 방면,"6","4","0341",경찰병원 방면,"10","1","02:02"
600,가락시장,"2818","8",문정 방면,"1","1","0341",경찰병원 방면,"10","1","01:52"
601,복정,"2821","8",장지 방면,"4","2","1030",수서 방면,"3","2","00:30"
602,복정,"2821","8",장지 방면,"4","2","1851",가천대 방면,"6","3","00:40"
603,복정,"2821","8",산성 방면,"3","2","1851",가천대 방면,"6","3","00:40"
604,복정,"2821","8",산성 방면,"3","2","1030",수서 방면,"3","2","00:30"
605,김포공항,"4102","9",개화 방면,"2","4","2512",개화산 방면,"1","4","05:28"
606,김포공항,"4102","9",공항시장 방면,"5","1","2512",개화산 방면,"1","4","03:33"
607,김포공항,"4102","9",공항시장 방면,"6","4","2514",송정 방면,"7","3","03:56"
608,김포공항,"4102","9",개화 방면,"2","4","2514",송정 방면,"7","3","05:35"
609,김포공항,"4102","9",개화 방면,"2","4","4206",마곡나루 방면,All,All,"00:49"
610,김포공항,"4102","9",공항시장 방면,All,All,"4206",마곡나루 방면,"4","1","00:05"
611,김포공항,"4102","9",개화 방면,All,All,"4208",계양 방면,"5","2","00:05"
612,김포공항,"4102","9",공항시장 방면,"6","2","4208",계양 방면,All,All,"00:51"
613,김포공항,"4102","9",개화 방면,"6","1","4928",고촌 방면,"2","2","07:31"
614,김포공항,"4102","9",공항시장 방면,"5","1","4928",고촌 방면,"2","2","05:35"
615,김포공항,"4102","9",개화 방면,"2","4","104C",능곡 방면,"4","2","05:35"
616,김포공항,"4102","9",공항시장 방면,"2","4","104C",능곡 방면,"4","2","05:35"
617,김포공항,"4102","9",공항시장 방면,"2","4","1981",원종 방면,"3","3","05:35"
618,김포공항,"4102","9",개화 방면,"2","4","1981",원종 방면,"3","3","05:35"
619,마곡나루,"4105","9",신방화 방면,"4","4","4204",디지털미디어시티 방면,"6","4","06:51"
620,마곡나루,"4105","9",신방화 방면,"4","4","4207",김포공항 방면,"2","1","06:56"
621,마곡나루,"4105","9",양천향교 방면,"1","3","4204",디지털미디어시티 방면,"6","4","05:48"
622,마곡나루,"4105","9",양천향교 방면,"1","3","4207",김포공항 방면,"2","1","05:57"
623,당산,"4113","9",선유도 방면,"1","1","0238",합정 방면,"3","4","05:16"
624,당산,"4113","9",국회의사당 방면,"6","4","0238",합정 방면,"3","4","05:22"
625,당산,"4113","9",선유도 방면,"1","1","0236",영등포구청 방면,"8","1","05:46"
626,당산,"4113","9",국회의사당 방면,"6","4","0236",영등포구청 방면,"8","1","05:46"
627,여의도,"4115","9",샛강 방면,"4","3","2526",신길 방면,"6","1","01:56"
628,여의도,"4115","9",국회의사당 방면,"3","4","2526",신길 방면,"3","4","01:58"
629,여의도,"4115","9",샛강 방면,"4","3","2528",여의나루 방면,"3","4","01:59"
630,여의도,"4115","9",국회의사당 방면,"3","4","2528",여의나루 방면,"6","1","02:01"
631,샛강,"4116","9",노량진 방면,"1","1","4402",대방 방면,"1","1","03:00"
632,샛강,"4116","9",여의도 방면,"1","1","4402",대방 방면,"1","1","03:00"
633,노량진,"4117","9",샛강 방면,"5","2","1003",용산 방면,"3","1","05:13"
634,노량진,"4117","9",노들 방면,"2","3","1005",대방 방면,"5","2","03:40"
635,노량진,"4117","9",노들 방면,"2","3","1003",용산 방면,"3","1","05:20"
636,노량진,"4117","9",샛강 방면,"5","2","1005",대방 방면,"5","2","03:35"
637,동작,"4120","9",구반포 방면,"6","4","0430",이촌 방면,"2","4","08:30"
638,동작,"4120","9",구반포 방면,"6","4","0432",총신대입구 방면,"8","4","08:20"
639,동작,"4120","9",흑석 방면,"6","4","0430",이촌 방면,"2","4","08:30"
640,동작,"4120","9",흑석 방면,"6","4","0432",총신대입구 방면,"8","4","08:20"
641,고속터미널,"4123","9",사평 방면,"1","2","0330",교대 방면,"4","3","05:03"
642,고속터미널,"4123","9",신반포 방면,"5","1","0330",교대 방면,"2","3","05:01"
643,고속터미널,"4123","9",사평 방면,"1","2","0328",잠원 방면,"9","2","03:21"
644,고속터미널,"4123","9",신반포 방면,"5","1","0328",잠원 방면,"9","2","05:30"
645,고속터미널,"4123","9",사평 방면,"5","2","2735",반포 방면,"7","1","09:17"
646,고속터미널,"4123","9",신반포 방면,"5","1","2735",반포 방면,"7","1","09:13"
647,고속터미널,"4123","9",신반포 방면,"5","1","2737",내방 방면,"2","3","09:04"
648,고속터미널,"4123","9",사평 방면,"1","2","2737",내방 방면,"2","3","08:53"
649,선정릉,"4127","9",언주 방면,"5","3","1849",강남구청 방면,"2","4","02:39"
650,선정릉,"4127","9",삼성중앙 방면,"2","1","1849",강남구청 방면,"2","4","02:26"
651,선정릉,"4127","9",언주 방면,"5","3","1023",선릉 방면,"6","4","02:26"
652,선정릉,"4127","9",삼성중앙 방면,"2","1","1023",선릉 방면,"6","4","02:39"
653,종합운동장,"4130","9",삼전 방면,"5","4","0217",잠실새내 방면,"2","1","06:52"
654,종합운동장,"4130","9",삼전 방면,"5","4","0219",삼성 방면,"9","3","07:01"
655,종합운동장,"4130","9",봉은사 방면,"1","4","0219",삼성 방면,"9","3","07:06"
656,종합운동장,"4130","9",봉은사 방면,"1","4","0217",잠실새내 방면,"2","1","06:58"
657,석촌,"4133","9",송파나루 방면,"1","1","2815",잠실 방면,"1","1","02:16"
658,석촌,"4133","9",석촌고분 방면,"3","3","2817",송파 방면,"6","4","02:10"
659,석촌,"4133","9",석촌고분 방면,"6","4","2815",잠실 방면,"1","1","02:20"
660,석촌,"4133","9",송파나루 방면,"4","2","2817",송파 방면,"6","4","02:16"
661,올림픽공원,"4136","9",둔촌오륜 방면,"5","3","2555",둔촌동 방면,"4","4","03:52"
662,올림픽공원,"4136","9",둔촌오륜 방면,"5","3","2557",방이 방면,"6","1","00:59"
663,올림픽공원,"4136","9",한성백제 방면,"4","2","2555",둔촌동 방면,"3","4","04:15"
664,올림픽공원,"4136","9",한성백제 방면,"1","1","2557",방이 방면,"6","1","03:38"
665,이매,"1502",경강선,삼동 방면,"1","1","1855",서현 방면,"6","4","02:05"
666,이매,"1502",경강선,판교 방면,"4","4","1855",서현 방면,"6","4","02:04"
667,이매,"1502",경강선,판교 방면,"2","3","1854",야탑 방면,"1","1","01:52"
668,이매,"1502",경강선,삼동 방면,"3","2","1854",야탑 방면,"1","1","02:28"
669,대곡,"0300",경의선,능곡 방면,"5","3","1952",화정 방면,"3","4","05:22"
670,대곡,"0300",경의선,곡산 방면,"4","2","1954",백석 방면,"8","1","05:19"
671,대곡,"0300",경의선,능곡 방면,"5","3","1954",백석 방면,"8","1","05:11"
672,대곡,"0300",경의선,곡산 방면,"4","2","1952",화정 방면,"3","4","05:27"
673,이촌,"1008",경의선,서빙고 방면,"5","2","0429",신용산 방면,"7","2","03:25"
674,이촌,"1008",경의선,서빙고 방면,"5","2","0431",동작 방면,"4","2","02:12"
675,이촌,"1008",경의선,용산 방면,"4","2","0431",동작 방면,"4","2","03:22"
676,이촌,"1008",경의선,용산 방면,"4","2","0429",신용산 방면,"7","2","03:42"
677,용산,"100C",경의선,효창공원앞 방면,"8","4","1002",남영 방면,"1","1","03:32"
678,용산,"100C",경의선,이촌 방면,"1","2","1002",남영 방면,"1","1","03:48"
679,용산,"100C",경의선,이촌 방면,"1","2","1004",노량진 방면,"10","2","03:52"
680,용산,"100C",경의선,효창공원앞 방면,"8","4","1004",노량진 방면,"10","2","03:42"
681,옥수,"1011",경의선,응봉 방면,"7","1","0326",압구정 방면,"7","4","05:01"
682,옥수,"1011",경의선,한남 방면,"2","4","0326",압구정 방면,"7","4","05:20"
683,옥수,"1011",경의선,응봉 방면,"7","1","0324",금호 방면,"4","1","04:15"
684,옥수,"1011",경의선,한남 방면,"2","4","0324",금호 방면,"4","1","05:14"
685,왕십리,"1013",경의선,응봉 방면,"2","4","0209",한양대 방면,"7","1","02:13"
686,왕십리,"1013",경의선,응봉 방면,"2","4","0207",상왕십리 방면,"2","3","03:34"
687,왕십리,"1013",경의선,청량리 방면,"7","1","0207",상왕십리 방면,"2","3","03:34"
688,왕십리,"1013",경의선,청량리 방면,"7","1","0209",한양대 방면,"7","1","02:13"
689,왕십리,"1013",경의선,응봉 방면,"8","2","2542",마장 방면,"4","2","07:23"
690,왕십리,"1013",경의선,청량리 방면,"1","3","2540",행당 방면,"5","2","08:29"
691,왕십리,"1013",경의선,청량리 방면,"1","3","2542",마장 방면,"4","2","07:23"
692,왕십리,"1013",경의선,응봉 방면,"8","2","2540",행당 방면,"5","2","08:29"
693,왕십리,"1013",경의선,응봉 방면,"8","2","1847",서울숲 방면,"5","4","02:38"
694,왕십리,"1013",경의선,청량리 방면,"5","4","1847",서울숲 방면,"5","4","02:38"
695,왕십리,"1013",경의선,응봉 방면,"8","2","1845",청량리 방면,"5","4","02:38"
696,왕십리,"1013",경의선,청량리 방면,"5","4","1845",청량리 방면,"5","4","02:38"
697,청량리,"1014",경의선,회기 방면,"8","4","0157",제기동 방면,"1","1","05:56"
698,청량리,"1014",경의선,회기 방면,"5","3","1015",회기 방면,"10","4","05:56"
699,청량리,"1014",경의선,왕십리 방면,"5","3","1015",회기 방면,"10","4","09:10"
700,청량리,"1014",경의선,왕십리 방면,"5","3","0157",제기동 방면,"1","1","09:10"
701,청량리,"1014",경의선,회기 방면,"4","3","1307",회기 방면,"4","4","02:25"
702,청량리,"1014",경의선,왕십리 방면,"5","3","1307",회기 방면,"5","2","03:43"
703,청량리,"1014",경의선,회기 방면,"4","3","1307",회기 방면,"5","2","02:25"
704,청량리,"1014",경의선,회기 방면,"4","3","102C",왕십리 방면,"4","3","02:25"
705,청량리,"1014",경의선,왕십리 방면,"5","3","102C",왕십리 방면,"4","3","03:43"
706,회기,"101C",경의선,중랑 방면,"3","3","1016",외대앞 방면,"4","3","02:21"
707,회기,"101C",경의선,청량리 방면,"6","2","0158",청량리 방면,"4","2","02:03"
708,회기,"101C",경의선,청량리 방면,"6","2","1016",외대앞 방면,"7","2","02:03"
709,회기,"101C",경의선,중랑 방면,"3","3","0158",청량리 방면,"7","3","02:15"
710,회기,"101C",경의선,중랑 방면,"2","2","1308",중랑 방면,"6","2","00:08"
711,회기,"101C",경의선,중랑 방면,"2","2","1308",중랑 방면,"4","4","00:08"
712,중랑,"1201",경의선,회기 방면,"5","1","1309",상봉 방면,"1","2",
713,중랑,"1201",경의선,상봉 방면,"8","2","1309",상봉 방면,"3","3","01:00"
714,중랑,"1201",경의선,회기 방면,"1","2","1307",회기 방면,"5","2","00:00"
715,중랑,"1201",경의선,상봉 방면,"5","1","1307",회기 방면,"8","2",
716,중랑,"1201",경의선,회기 방면,"1","2","1307",회기 방면,"4","4","00:00"
717,중랑,"1201",경의선,상봉 방면,"8","2","1309",상봉 방면,"5","1","01:00"
718,상봉,"1202",경의선,중랑 방면,"4","2","2721",중화 방면,"6","2","10:15"
719,상봉,"1202",경의선,망우 방면,"2","4","2723",면목 방면,"3","4","06:56"
720,상봉,"1202",경의선,중랑 방면,"4","2","2723",면목 방면,"3","4","10:01"
721,상봉,"1202",경의선,망우 방면,"2","4","2721",중화 방면,"6","2","06:53"
722,상봉,"1202",경의선,망우 방면,"6","2","1310",망우 방면,"5","1","03:35"
723,상봉,"1202",경의선,중랑 방면,"4","2","1308",중랑 방면,"6","2","03:35"
724,상봉,"1202",경의선,중랑 방면,"4","2","1310",망우 방면,"5","1","03:35"
725,상봉,"1202",경의선,중랑 방면,"4","2","1308",중랑 방면,"4","4","03:35"
726,상봉,"1202",경의선,망우 방면,"6","2","1308",중랑 방면,"4","4","03:35"
727,망우,"1203",경의선,양원 방면,"7","4","1309",상봉 방면,"6","2","05:07"
728,망우,"1203",경의선,양원 방면,"7","4","1311",신내 방면,"3","3","05:16"
729,망우,"1203",경의선,상봉 방면,"5","2","1309",상봉 방면,"5","1","03:44"
730,망우,"1203",경의선,상봉 방면,"5","2","1309",상봉 방면,"3","3","03:44"
731,망우,"1203",경의선,상봉 방면,"5","2","1311",신내 방면,"6","1","03:44"
732,구리,"1205",경의선,도농 방면,"6","1","2807",동구릉 방면,"6","1","00:43"
733,구리,"1205",경의선,도농 방면,"6","1","2809",장자호수공원 방면,"6","1","00:43"
734,구리,"1205",경의선,양원 방면,"1","1","2807",동구릉 방면,"6","1","00:43"
735,구리,"1205",경의선,양원 방면,"6","1","2809",장자호수공원 방면,"6","1","00:43"
736,효창공원앞,"1261",경의선,용산 방면,"8","2","2627",공덕 방면,"3","1","03:31"
737,효창공원앞,"1261",경의선,공덕 방면,"5","3","2629",삼각지 방면,"6","4","06:40"
738,효창공원앞,"1261",경의선,용산 방면,"8","2","2629",삼각지 방면,"6","4","03:31"
739,효창공원앞,"1261",경의선,공덕 방면,"5","3","2627",공덕 방면,"3","1","06:40"
740,공덕,"1262",경의선,서강대 방면,"1","1","2529",마포 방면,"8","4","06:46"
741,공덕,"1262",경의선,효창공원앞 방면,"8","4","2529",마포 방면,"8","4","06:47"
742,공덕,"1262",경의선,효창공원앞 방면,"8","4","2531",애오개 방면,"1","1","06:47"
743,공덕,"1262",경의선,서강대 방면,"1","1","2531",애오개 방면,"1","1","06:46"
744,공덕,"1262",경의선,서강대 방면,"1","1","2626",대흥 방면,"8","4","07:03"
745,공덕,"1262",경의선,효창공원앞 방면,"8","4","2626",대흥 방면,"8","4","05:39"
746,공덕,"1262",경의선,효창공원앞 방면,"8","4","2628",효창공원앞 방면,"1","1","05:39"
747,공덕,"1262",경의선,서강대 방면,"1","1","2628",효창공원앞 방면,"1","1","04:11"
748,공덕,"1262",경의선,서강대 방면,"1","1","4201",서울역 방면,"1","4","05:33"
749,공덕,"1262",경의선,효창공원앞 방면,"8","4","4203",홍대입구 방면,"6","1","05:49"
750,공덕,"1262",경의선,서강대 방면,"1","1","4203",홍대입구 방면,"6","1","05:48"
751,공덕,"1262",경의선,효창공원앞 방면,"8","4","4201",서울역 방면,"1","4","07:01"
752,홍대입구,"1264",경의선,서강대 방면,"8","4","0238",합정 방면,"3","2","06:45"
753,홍대입구,"1264",경의선,서강대 방면,"8","4","0240",신촌 방면,"8","2","06:48"
754,홍대입구,"1264",경의선,서강대 방면,"8","4","4202",공덕 방면,"2","2","05:42"
755,홍대입구,"1264",경의선,서강대 방면,"8","4","4204",디지털미디어시티 방면,"1","1","05:07"
756,디지털미디어시티,"1266",경의선,가좌 방면,"1","1","2620",월드컵경기장 방면,"2","2","02:13"
757,디지털미디어시티,"1266",경의선,가좌 방면,"1","1","2618",증산 방면,"7","2","03:46"
758,디지털미디어시티,"1266",경의선,수색 방면,"8","4","2618",증산 방면,"7","2","03:20"
759,디지털미디어시티,"1266",경의선,수색 방면,"8","4","2620",월드컵경기장 방면,"2","2","02:25"
760,디지털미디어시티,"1266",경의선,수색 방면,"8","4","4206",마곡나루 방면,"2","3","11:47"
761,디지털미디어시티,"1266",경의선,수색 방면,"8","4","4203",홍대입구 방면,"3","1","10:06"
762,디지털미디어시티,"1266",경의선,가좌 방면,"1","1","4206",마곡나루 방면,"2","3","16:52"
763,디지털미디어시티,"1266",경의선,가좌 방면,"1","1","4203",홍대입구 방면,"5","1","15:29"
764,회기,"1307",경춘선,중랑 방면,"6","2","1016",외대앞 방면,"7","2","02:09"
765,회기,"1307",경춘선,중랑 방면,"6","2","0158",청량리 방면,"4","2","02:09"
766,회기,"1307",경춘선,청량리 방면,"3","3","0158",청량리 방면,"4","2","02:09"
767,회기,"1307",경춘선,청량리 방면,"3","3","1016",외대앞 방면,"7","2","02:09"
768,회기,"1307",경춘선,중랑 방면,"3","3","1014",청량리 방면,"2","2","00:07"
769,중랑,"1308",경춘선,상봉 방면,"4","4","101C",회기 방면,"8","2",
770,중랑,"1308",경춘선,회기 방면,"1","2","101C",회기 방면,"5","3","07:30"
771,중랑,"1308",경춘선,회기 방면,"5","1","1202",상봉 방면,"1","2",
772,중랑,"1308",경춘선,상봉 방면,"8","2","1202",상봉 방면,"5","1","07:30"
773,중랑,"1308",경춘선,상봉 방면,"8","2","1202",상봉 방면,"7","4","07:30"
774,중랑,"1308",경춘선,회기 방면,"1","2","101C",회기 방면,"5","1","07:30"
775,상봉,"1309",경춘선,중랑 방면,"4","2","2721",중화 방면,"6","2","10:15"
776,상봉,"1309",경춘선,중랑 방면,"4","2","2723",면목 방면,"3","4","10:01"
777,상봉,"1309",경춘선,망우 방면,"4","4","2721",중화 방면,"6","2","07:00"
778,상봉,"1309",경춘선,망우 방면,"4","4","2723",면목 방면,"3","4","07:06"
779,상봉,"1309",경춘선,중랑 방면,"5","1","1201",중랑 방면,"6","3","03:35"
780,상봉,"1309",경춘선,중랑 방면,"5","1","1203",망우 방면,"4","2","03:35"
781,상봉,"1309",경춘선,중랑 방면,"5","1","1201",중랑 방면,"6","2","03:35"
782,상봉,"1309",경춘선,망우 방면,"4","4","1203",망우 방면,"4","2","03:35"
783,상봉,"1309",경춘선,망우 방면,"4","4","1201",중랑 방면,"6","2","03:35"
784,망우,"1310",경춘선,상봉 방면,"3","3","1204",양원 방면,"5","2","05:07"
785,망우,"1310",경춘선,신내 방면,"3","3","1202",상봉 방면,"7","4","03:44"
786,망우,"1310",경춘선,상봉 방면,"6","1","1202",상봉 방면,"7","4","03:44"
787,망우,"1310",경춘선,상봉 방면,"6","1","1202",상봉 방면,"5","1","03:44"
788,망우,"1310",경춘선,신내 방면,"6","2","1204",양원 방면,"5","2","05:16"
789,신내,"1311",경춘선,갈매 방면,"4","4","2648",봉화산 방면,"2","1","03:45"
790,신내,"1311",경춘선,망우 방면,"4","3","2648",봉화산 방면,"2","1","02:34"
791,별내,"1313",경춘선,퇴계원 방면,"6","1","2806",다산 방면,"6","1","00:43"
792,별내,"1313",경춘선,갈매 방면,"6","1","2806",다산 방면,"6","1","00:43"
793,공덕,"4202",공항철도,홍대입구 방면,"1","4","2529",마포 방면,"8","4","08:34"
794,공덕,"4202",공항철도,서울역 방면,"6","1","2531",애오개 방면,"1","1","07:38"
795,공덕,"4202",공항철도,서울역 방면,"6","1","2529",마포 방면,"8","4","07:38"
796,공덕,"4202",공항철도,홍대입구 방면,"1","4","2531",애오개 방면,"1","1","08:34"
797,공덕,"4202",공항철도,서울역 방면,"6","1","2628",효창공원앞 방면,"1","1","04:09"
798,공덕,"4202",공항철도,홍대입구 방면,"1","4","2628",효창공원앞 방면,"1","1","05:04"
799,공덕,"4202",공항철도,서울역 방면,"6","1","2626",대흥 방면,"8","4","05:44"
800,공덕,"4202",공항철도,홍대입구 방면,"1","4","2626",대흥 방면,"8","4","07:16"
801,공덕,"4202",공항철도,서울역 방면,"6","1","1263",서강대 방면,"8","4","05:33"
802,공덕,"4202",공항철도,서울역 방면,"6","1","1261",효창공원앞 방면,"1","1","07:01"
803,공덕,"4202",공항철도,홍대입구 방면,"1","4","1261",효창공원앞 방면,"1","1","05:49"
804,공덕,"4202",공항철도,홍대입구 방면,"1","4","1263",서강대 방면,"8","4","05:48"
805,홍대입구,"4203",공항철도,공덕 방면,"1","1","0238",합정 방면,"3","2","11:46"
806,홍대입구,"4203",공항철도,디지털미디어시티 방면,"2","2","0238",합정 방면,"3","2","10:57"
807,홍대입구,"4203",공항철도,디지털미디어시티 방면,"2","1","0240",신촌 방면,"8","2","08:31"
808,홍대입구,"4203",공항철도,공덕 방면,"5","3","0240",신촌 방면,"6","3","08:28"
809,홍대입구,"4203",공항철도,공덕 방면,"1","1","1263",서강대 방면,"1","1","05:42"
810,홍대입구,"4203",공항철도,디지털미디어시티 방면,"2","2","1263",서강대 방면,"1","1","05:07"
811,디지털미디어시티,"4204",공항철도,마곡나루 방면,"2","3","2618",증산 방면,"1","1","11:50"
812,디지털미디어시티,"4204",공항철도,홍대입구 방면,"2","3","2618",증산 방면,"1","1","07:20"
813,디지털미디어시티,"4204",공항철도,홍대입구 방면,"2","4","2620",월드컵경기장 방면,"8","4","07:19"
814,디지털미디어시티,"4204",공항철도,마곡나루 방면,"6","4","2620",월드컵경기장 방면,"8","4","06:44"
815,디지털미디어시티,"4204",공항철도,홍대입구 방면,"2","3","1267",수색 방면,"1","1","10:06"
816,디지털미디어시티,"4204",공항철도,마곡나루 방면,"5","1","1265",가좌 방면,"8","4","16:52"
817,디지털미디어시티,"4204",공항철도,마곡나루 방면,"3","1","1267",수색 방면,"1","1","11:47"
818,디지털미디어시티,"4204",공항철도,홍대입구 방면,"2","3","1265",가좌 방면,"8","4","15:29"
819,마곡나루,"4206",공항철도,디지털미디어시티 방면,"2","1","4104",신방화 방면,"1","3","06:51"
820,마곡나루,"4206",공항철도,김포공항 방면,"6","4","4104",신방화 방면,"1","3","06:56"
821,마곡나루,"4206",공항철도,김포공항 방면,"6","4","4106",양천향교 방면,"4","4","05:57"
822,마곡나루,"4206",공항철도,디지털미디어시티 방면,"2","1","4106",양천향교 방면,"4","4","05:48"
823,김포공항,"4207",공항철도,계양 방면,"4","1","2512",개화산 방면,"1","4","05:28"
824,김포공항,"4207",공항철도,계양 방면,"4","1","2514",송정 방면,"7","3","05:35"
825,김포공항,"4207",공항철도,마곡나루 방면,"4","1","2512",개화산 방면,"1","4","03:59"
826,김포공항,"4207",공항철도,마곡나루 방면,"6","4","2514",송정 방면,"7","3","03:56"
827,김포공항,"4207",공항철도,마곡나루 방면,All,All,"4103",공항시장 방면,"2","4","00:05"
828,김포공항,"4207",공항철도,계양 방면,"4","1","4103",공항시장 방면,All,All,"00:51"
829,김포공항,"4207",공항철도,마곡나루 방면,"5","2","4101",개화 방면,All,All,"00:49"
830,김포공항,"4207",공항철도,계양 방면,All,All,"4101",개화 방면,"6","2","00:05"
831,김포공항,"4207",공항철도,마곡나루 방면,"4","1","4928",고촌 방면,"2","2","06:42"
832,김포공항,"4207",공항철도,계양 방면,"3","4","4928",고촌 방면,"2","2","07:31"
833,김포공항,"4207",공항철도,계양 방면,All,All,"1981",원종 방면,"3","3","00:05"
834,김포공항,"4207",공항철도,마곡나루 방면,All,All,"104C",능곡 방면,"4","2","00:05"
835,김포공항,"4207",공항철도,계양 방면,All,All,"104C",능곡 방면,"4","2","00:05"
836,김포공항,"4207",공항철도,마곡나루 방면,All,All,"1981",원종 방면,"3","3","00:05"
837,계양,"4208",공항철도,김포공항 방면,"2","3","3111",귤현 방면,"7","1","02:20"
838,계양,"4208",공항철도,검암 방면,"2","1","3109",아라 방면,"7","1","02:19"
839,계양,"4208",공항철도,검암 방면,"2","1","3111",귤현 방면,"7","1","02:19"
840,계양,"4208",공항철도,김포공항 방면,"2","3","3109",아라 방면,"7","1","02:20"
841,검암,"4209",공항철도,계양 방면,"2","2","3206",독정 방면,"1","1","07:29"
842,검암,"4209",공항철도,청라국제도시 방면,"6","4","3206",독정 방면,"1","1","07:38"
843,검암,"4209",공항철도,계양 방면,"2","2","3208",검바위 방면,"2","3","07:19"
844,검암,"4209",공항철도,청라국제도시 방면,"6","4","3208",검바위 방면,"2","3","08:29"
845,김포공항,"1980",서해선,능곡 방면,"3","3","2514",송정 방면,"7","3","03:07"
846,김포공항,"1980",서해선,능곡 방면,"3","3","2512",개화산 방면,"1","4","03:07"
847,김포공항,"1980",서해선,원종 방면,"4","2","2512",개화산 방면,"1","4","03:07"
848,김포공항,"1980",서해선,원종 방면,"4","2","2514",송정 방면,"7","3","03:07"
849,김포공항,"1980",서해선,능곡 방면,"3","3","4101",개화 방면,"2","4","03:07"
850,김포공항,"1980",서해선,능곡 방면,"3","3","4103",공항시장 방면,"2","4","03:07"
851,김포공항,"1980",서해선,원종 방면,"4","2","4103",공항시장 방면,"2","4","03:07"
852,김포공항,"1980",서해선,원종 방면,"4","2","4101",개화 방면,"2","4","03:07"
853,김포공항,"1980",서해선,원종 방면,"4","2","4206",마곡나루 방면,All,All,"03:07"
854,김포공항,"1980",서해선,원종 방면,"4","2","4208",계양 방면,All,All,"03:07"
855,김포공항,"1980",서해선,능곡 방면,"3","3","4208",계양 방면,All,All,"03:07"
856,김포공항,"1980",서해선,능곡 방면,"3","3","4206",마곡나루 방면,All,All,"03:07"
857,김포공항,"1980",서해선,원종 방면,"4","2","4928",고촌 방면,"2","2","03:07"
858,김포공항,"1980",서해선,능곡 방면,"3","3","4928",고촌 방면,"2","2","03:07"
859,부천종합운동장,"1982",서해선,소사 방면,All,All,"3755",춘의 방면,"4","1","03:33"
860,부천종합운동장,"1982",서해선,소사 방면,All,All,"3753",까치울 방면,"5","4","03:33"
861,부천종합운동장,"1982",서해선,원종 방면,All,All,"3753",까치울 방면,"5","4","03:33"
862,부천종합운동장,"1982",서해선,원종 방면,All,All,"3755",춘의 방면,"4","1","03:33"
863,초지,"4813",서해선,선부 방면,"4","4","1757",고잔 방면,"10","4","07:20"
864,초지,"4813",서해선,선부 방면,"4","4","1759",안산 방면,"1","1","07:18"
865,초지,"4813",서해선,시우 방면,"1","4","1759",안산 방면,"1","1","07:31"
866,초지,"4813",서해선,시우 방면,"1","4","1757",고잔 방면,"10","4","07:39"
867,초지,"4813",서해선,시우 방면,"1","4","1832",고잔 방면,"6","4","07:39"
868,초지,"4813",서해선,선부 방면,"4","4","1834",안산 방면,"1","1","07:39"
869,초지,"4813",서해선,선부 방면,"4","4","1832",고잔 방면,"6","4","07:20"
870,초지,"4813",서해선,시우 방면,"1","4","1834",안산 방면,"1","1","08:45"
871,선릉,"1023",수인분당선,한티 방면,"1","1","0219",삼성 방면,"6","2","02:08"
872,선릉,"1023",수인분당선,한티 방면,"2","4","0221",역삼 방면,"5","3","02:02"
873,선릉,"1023",수인분당선,선정릉 방면,"6","7","0219",삼성 방면,"6","2","02:06"
874,선릉,"1023",수인분당선,선정릉 방면,"5","1","0221",역삼 방면,"5","3","02:10"
875,도곡,"1025",수인분당선,한티 방면,"6","4","0335",대치 방면,"6","2","01:52"
876,도곡,"1025",수인분당선,구룡 방면,"4","3","0335",대치 방면,"6","3","01:52"
877,도곡,"1025",수인분당선,한티 방면,"1","2","0333",매봉 방면,"5","4","02:17"
878,도곡,"1025",수인분당선,구룡 방면,"6","2","0333",매봉 방면,"5","4","01:53"
879,수서,"1030",수인분당선,대모산입구 방면,"6","4","0338",일원 방면,"5","2","02:20"
880,수서,"1030",수인분당선,복정 방면,"3","1","0340",가락시장 방면,"5","2","02:34"
881,수서,"1030",수인분당선,복정 방면,"3","1","0338",일원 방면,"5","2","02:34"
882,수서,"1030",수인분당선,대모산입구 방면,"6","4","0340",가락시장 방면,"5","2","02:20"
883,복정,"1031",수인분당선,수서 방면,"6","3","2822",산성 방면,"4","2","00:30"
884,복정,"1031",수인분당선,가천대 방면,"3","2","2820",장지 방면,"3","2","00:40"
885,복정,"1031",수인분당선,가천대 방면,"3","2","2822",산성 방면,"4","2","00:40"
886,복정,"1031",수인분당선,수서 방면,"6","3","2820",장지 방면,"3","2","00:30"
887,오이도,"1800",수인분당선,달월 방면,"9","1","1761",정왕 방면,"2","4","01:43"
888,오이도,"1800",수인분당선,정왕 방면,"2","4","1761",정왕 방면,"2","4","00:30"
889,오이도,"1800",수인분당선,정왕 방면,"2","4","1761",정왕 방면,"7","1","00:30"
890,한대앞,"1830",수인분당선,사리 방면,"6","2","1756",중앙 방면,"6","2","00:57"
891,한대앞,"1830",수인분당선,중앙 방면,"5","2","1756",중앙 방면,"5","1","00:30"
892,한대앞,"1830",수인분당선,사리 방면,"6","2","1754",상록수 방면,"5","2","00:30"
893,한대앞,"1830",수인분당선,중앙 방면,"5","2","1754",상록수 방면,"5","2","00:57"
894,한대앞,"1830",수인분당선,중앙 방면,"5","2","1756",중앙 방면,"6","2","00:30"
895,중앙,"1831",수인분당선,고잔 방면,"4","4","1755",한대앞 방면,"4","4","01:40"
896,중앙,"1831",수인분당선,한대앞 방면,"7","1","1757",고잔 방면,"7","1","01:40"
897,중앙,"1831",수인분당선,한대앞 방면,"7","1","1755",한대앞 방면,"4","4","00:30"
898,중앙,"1831",수인분당선,고잔 방면,"4","4","1757",고잔 방면,"7","1","00:30"
899,중앙,"1831",수인분당선,고잔 방면,"4","4","1757",고잔 방면,"10","4","00:30"
900,고잔,"1832",수인분당선,중앙 방면,"6","4","1756",중앙 방면,"5","1","00:30"
901,고잔,"1832",수인분당선,중앙 방면,"6","4","1756",중앙 방면,"6","2","00:30"
902,고잔,"1832",수인분당선,초지 방면,"5","1","1758",초지 방면,"4","3","00:30"
903,고잔,"1832",수인분당선,초지 방면,"5","1","1758",초지 방면,"6","4","00:30"
904,고잔,"1832",수인분당선,중앙 방면,"6","4","1758",초지 방면,"6","4","01:54"
905,고잔,"1832",수인분당선,초지 방면,"5","1","1756",중앙 방면,"5","1","01:54"
906,초지,"1833",수인분당선,안산 방면,"6","4","4812",선부 방면,"1","4","07:39"
907,초지,"1833",수인분당선,고잔 방면,"1","1","4814",시우 방면,"4","4","07:39"
908,초지,"1833",수인분당선,고잔 방면,"1","1","4812",선부 방면,"1","4","07:20"
909,초지,"1833",수인분당선,안산 방면,"6","4","4814",시우 방면,"4","4","08:45"
910,안산,"1834",수인분당선,초지 방면,"7","2","1760",신길온천 방면,"7","2","01:41"
911,안산,"1834",수인분당선,신길온천 방면,"4","3","1760",신길온천 방면,"7","2","00:30"
912,안산,"1834",수인분당선,신길온천 방면,"4","3","1760",신길온천 방면,"5","1","00:30"
913,안산,"1834",수인분당선,초지 방면,"7","2","1758",초지 방면,"6","4","00:30"
914,안산,"1834",수인분당선,초지 방면,"7","2","1758",초지 방면,"4","3","00:30"
915,안산,"1834",수인분당선,신길온천 방면,"4","3","1758",초지 방면,"4","3","01:41"
916,신길온천,"1835",수인분당선,정왕 방면,"4","4","1761",정왕 방면,"2","4","00:30"
917,신길온천,"1835",수인분당선,안산 방면,"7","1","1759",안산 방면,"1","1","00:30"
918,신길온천,"1835",수인분당선,안산 방면,"7","1","1759",안산 방면,"4","4","00:30"
919,신길온천,"1835",수인분당선,안산 방면,"7","1","1761",정왕 방면,"7","1","01:42"
920,신길온천,"1835",수인분당선,정왕 방면,"4","4","1759",안산 방면,"4","4","01:42"
921,신길온천,"1835",수인분당선,정왕 방면,"4","4","1761",정왕 방면,"7","1","00:30"
922,정왕,"1836",수인분당선,오이도 방면,"5","1","1762",오이도 방면,"6","4","00:30"
923,정왕,"1836",수인분당선,신길온천 방면,"6","4","1760",신길온천 방면,"5","1","00:30"
924,정왕,"1836",수인분당선,신길온천 방면,"6","4","1762",오이도 방면,"6","4","02:12"
925,정왕,"1836",수인분당선,오이도 방면,"5","1","1760",신길온천 방면,"5","1","02:12"
926,정왕,"1836",수인분당선,신길온천 방면,"6","4","1760",신길온천 방면,"7","2","00:30"
927,수원,"1846",수인분당선,매교 방면,"4","2","1712",화서 방면,"6","4","04:02"
928,수원,"1846",수인분당선,고색 방면,"4","2","1712",화서 방면,"1","3","04:12"
929,수원,"1846",수인분당선,매교 방면,"4","2","1715",세류 방면,"8","2","05:09"
930,수원,"1846",수인분당선,고색 방면,"4","2","1715",세류 방면,"8","2","05:38"
931,강남구청,"1849",수인분당선,압구정로데오 방면,"3","1","2733",학동 방면,"5","1","03:34"
932,강남구청,"1849",수인분당선,압구정로데오 방면,"3","1","2731",청담 방면,"5","1","03:32"
933,강남구청,"1849",수인분당선,선정릉 방면,"4","4","2733",학동 방면,"5","1","03:36"
934,강남구청,"1849",수인분당선,선정릉 방면,"4","4","2731",청담 방면,"5","1","03:40"
935,선정릉,"1850",수인분당선,선릉 방면,"2","4","4128",삼성중앙 방면,"5","3","02:39"
936,선정릉,"1850",수인분당선,강남구청 방면,"6","4","4128",삼성중앙 방면,"5","3","02:26"
937,선정릉,"1850",수인분당선,강남구청 방면,"6","4","4126",언주 방면,"2","1","02:39"
938,선정릉,"1850",수인분당선,선릉 방면,"2","4","4126",언주 방면,"2","1","02:26"
939,모란,"1853",수인분당선,야탑 방면,"6","4","2826",수진 방면,"6","4","02:23"
940,모란,"1853",수인분당선,태평 방면,"1","1","2826",수진 방면,"6","4","03:43"
941,정자,"1857",수인분당선,수내 방면,"1","4","4313",미금 방면,"5","4","04:08"
942,정자,"1857",수인분당선,미금 방면,"7","3","4313",미금 방면,"5","4","02:35"
943,정자,"1857",수인분당선,미금 방면,"7","3","4311",판교 방면,"2","1","02:20"
944,정자,"1857",수인분당선,수내 방면,"1","2","4311",판교 방면,"5","1","03:56"
945,미금,"1858",수인분당선,오리 방면,"4","1","4314",동천 방면,"4","1","03:42"
946,미금,"1858",수인분당선,정자 방면,"3","1","4314",동천 방면,"4","1","05:43"
947,미금,"1858",수인분당선,정자 방면,"4","1","4312",정자 방면,"3","4","03:52"
948,미금,"1858",수인분당선,오리 방면,"5","1","4312",정자 방면,"4","1","05:21"
949,이매,"1860",수인분당선,서현 방면,"1","1","1503",삼동 방면,"4","4","02:05"
950,이매,"1860",수인분당선,서현 방면,"1","1","1501",판교 방면,"1","1","02:04"
951,이매,"1860",수인분당선,야탑 방면,"6","4","1503",삼동 방면,"2","3","02:28"
952,이매,"1860",수인분당선,야탑 방면,"6","4","1501",판교 방면,"3","2","01:52"
953,기흥,"1865",수인분당선,신갈 방면,"1","3","4502",강남대 방면,"1","2","07:00"
954,기흥,"1865",수인분당선,상갈 방면,"1","3","4502",강남대 방면,"4","4","07:00"
955,원인재,"1884",수인분당선,남동인더스파크 방면,"5","2","3129",신연수 방면,"7","3","05:30"
956,원인재,"1884",수인분당선,남동인더스파크 방면,"5","2","3131",동춘 방면,"7","3","05:07"
957,원인재,"1884",수인분당선,연수 방면,"4","3","3131",동춘 방면,"7","3","05:07"
958,원인재,"1884",수인분당선,연수 방면,"4","3","3129",신연수 방면,"7","3","05:30"
959,보라매,"4404",신림선,보라매공원 방면,"1","2","2745",신풍 방면,"1","1","03:00"
960,보라매,"4404",신림선,서울지방병무청 방면,"3","1","2743",신대방삼거리 방면,"8","4","03:00"
961,보라매,"4404",신림선,서울지방병무청 방면,"3","1","2745",신풍 방면,"1","1","03:00"
962,보라매,"4404",신림선,보라매공원 방면,"1","2","2743",신대방삼거리 방면,"8","4","03:00"
963,신림,"4408",신림선,서원 방면,"1","1","0229",봉천 방면,"6","2","03:00"
964,신림,"4408",신림선,당곡 방면,"3","2","0231",신대방 방면,"5","3","03:00"
965,신림,"4408",신림선,당곡 방면,"3","2","0229",봉천 방면,"6","2","03:00"
966,신림,"4408",신림선,서원 방면,"1","1","0231",신대방 방면,"5","3","03:00"
967,강남,"4307",신분당선,양재 방면,"6","4","0223",교대 방면,"5","2","05:52"
968,강남,"4307",신분당선,양재 방면,"6","4","0221",역삼 방면,"6","3","05:05"
969,양재,"4308",신분당선,양재시민의숲 방면,"6","4","0333",매봉 방면,"5","4","03:20"
970,양재,"4308",신분당선,강남 방면,"3","3","0333",매봉 방면,"5","4","03:46"
971,양재,"4308",신분당선,양재시민의숲 방면,"4","3","0331",남부터미널 방면,"6","1","03:46"
972,양재,"4308",신분당선,강남 방면,"3","3","0331",남부터미널 방면,"6","1","04:16"
973,판교,"4311",신분당선,정자 방면,"3","2","1502",이매 방면,"2","2","02:01"
974,판교,"4311",신분당선,청계산입구 방면,"4","4","1502",이매 방면,"3","2","00:58"
975,정자,"4312",신분당선,미금 방면,"5","1","1856",수내 방면,"7","3","04:08"
976,정자,"4312",신분당선,판교 방면,"5","4","1856",수내 방면,"7","3","03:56"
977,정자,"4312",신분당선,미금 방면,"2","1","1858",미금 방면,"1","4","02:35"
978,정자,"4312",신분당선,판교 방면,"5","4","1858",미금 방면,"1","2","02:20"
979,미금,"4313",신분당선,동천 방면,"4","1","1859",오리 방면,"3","1","03:42"
980,미금,"4313",신분당선,동천 방면,"3","4","1857",정자 방면,"4","1","05:43"
981,미금,"4313",신분당선,정자 방면,"4","1","1859",오리 방면,"4","1","05:21"
982,미금,"4313",신분당선,정자 방면,"4","1","1857",정자 방면,"5","1","03:52"
983,성신여대입구,"4711",우이신설경전철,정릉 방면,"1","2","0419",한성대입구 방면,"5","4","05:15"
984,성신여대입구,"4711",우이신설경전철,보문 방면,"2","1","0417",길음 방면,"5","2","02:21"
985,성신여대입구,"4711",우이신설경전철,보문 방면,"2","1","0419",한성대입구 방면,"5","4","02:17"
986,성신여대입구,"4711",우이신설경전철,정릉 방면,"1","2","0417",길음 방면,"5","2","02:19"
987,보문,"4712",우이신설경전철,신설동 방면,"1","1","2638",창신 방면,"5","4","03:30"
988,보문,"4712",우이신설경전철,성신여대입구 방면,"2","2","2638",창신 방면,"5","4","03:28"
989,보문,"4712",우이신설경전철,성신여대입구 방면,"2","2","2640",안암 방면,"5","4","03:28"
990,보문,"4712",우이신설경전철,신설동 방면,"1","1","2640",안암 방면,"5","4","03:30"
991,회룡,"4602",의정부경전철,발곡 방면,"1","1","1906",의정부 방면,"8","3","04:03"
992,회룡,"4602",의정부경전철,발곡 방면,"1","1","1904",망월사 방면,"5","3","03:25"
993,회룡,"4602",의정부경전철,범골 방면,"2","1","1906",의정부 방면,"8","3","06:55"
994,회룡,"4602",의정부경전철,범골 방면,"2","1","1904",망월사 방면,"5","3","05:20"
995,검암,"3207",인천2,독정 방면,"2","3","4208",계양 방면,"6","4","07:29"
996,검암,"3207",인천2,검바위 방면,"1","1","4208",계양 방면,"6","4","07:19"
997,검암,"3207",인천2,검바위 방면,"1","1","4210",청라국제도시 방면,"2","2","08:29"
998,검암,"3207",인천2,독정 방면,"2","3","4210",청라국제도시 방면,"2","2","07:38"
999,석남,"3213",인천2,가정중앙시장 방면,"2","3","3762",산곡 방면,"1","4","05:45"
1000,석남,"3213",인천2,서부여성회관 방면,"1","1","3762",산곡 방면,"2","4","05:26"
1001,주안,"3218",인천2,시민공원 방면,"1","1","1823",도화 방면,"10","1","03:51"
1002,주안,"3218",인천2,시민공원 방면,"1","1","1816",간석 방면,"1","4","04:11"
1003,주안,"3218",인천2,주안국가산단 방면,"2","3","1816",간석 방면,"1","4","04:06"
1004,주안,"3218",인천2,주안국가산단 방면,"2","3","1823",도화 방면,"10","1","03:45"
1005,인천시청,"3221",인천2,석천사거리 방면,"1","1","3123",간석오거리 방면,"1","1","04:06"
1006,인천시청,"3221",인천2,석바위시장 방면,"2","2","3125",예술회관 방면,"8","2","04:17"
1007,인천시청,"3221",인천2,석천사거리 방면,"1","1","3125",예술회관 방면,"8","2","04:00"
1008,인천시청,"3221",인천2,석바위시장 방면,"2","2","3123",간석오거리 방면,"1","1","04:14"
1009,부평구청,"3118",인천선,부평시장 방면,"1","1","3762",산곡 방면,"6","3","02:23"
1010,부평구청,"3118",인천선,갈산 방면,"8","4","3762",산곡 방면,"4","3","02:17"
1011,부평구청,"3118",인천선,부평시장 방면,"1","1","3760",굴포천 방면,"2","2","01:58"
1012,부평구청,"3118",인천선,갈산 방면,"8","4","3760",굴포천 방면,"7","1","02:16"
1013,부평,"3120",인천선,동수 방면,"1","4","1815",부개 방면,"7","3","07:20"
1014,부평,"3120",인천선,동수 방면,"1","4","1807",백운 방면,"7","3","07:22"
1015,부평,"3120",인천선,부평시장 방면,"1","1","1815",부개 방면,"7","3","07:17"
1016,부평,"3120",인천선,부평시장 방면,"5","1","1807",백운 방면,"7","3","07:20"
1017,인천시청,"3124",인천선,예술회관 방면,"1","1","3220",석바위시장 방면,"1","1","04:17"
1018,인천시청,"3124",인천선,간석오거리 방면,"8","2","3220",석바위시장 방면,"1","1","04:14"
1019,인천시청,"3124",인천선,간석오거리 방면,"8","2","3222",석천사거리 방면,"2","2","04:06"
1020,인천시청,"3124",인천선,예술회관 방면,"1","1","3222",석천사거리 방면,"2","2","04:00"
1021,원인재,"3130",인천선,신연수 방면,"7","3","1883",남동인더스파크 방면,"4","3","05:30"
1022,원인재,"3130",인천선,신연수 방면,"7","3","1885",연수 방면,"5","2","05:30"
1023,원인재,"3130",인천선,동춘 방면,"7","3","1885",연수 방면,"5","2","05:07"
1024,원인재,"3130",인천선,동춘 방면,"7","3","1883",남동인더스파크 방면,"4","3","05:07"
